date,difficulty,color,category,word_1,word_2,word_3,word_4
2023-07-01,Easiest,Yellow,GRAINS,BARLEY,OAT,RYE,SPELT
2023-07-01,Easy,Green,ROYAL TITLES,BARON,EARL,KING,PRINCE
2023-07-01,Medium,Blue,UNIVERSITIES,BROWN,DUKE,HOWARD,RICE
2023-07-01,Hard,Purple,BEST DIRECTOR OSCAR WINNERS,BONG,FORD,LEE,STONE
2023-07-02,Easiest,Yellow,MUSIC GENRES,JAZZ,POP,PUNK,RAP
2023-07-02,Easy,Green,WEB BROWSERS,CHROME,EDGE,OPERA,SAFARI
2023-07-02,Medium,Blue,LITTLE WOMEN SISTERS,AMY,BETH,JO,MEG
2023-07-02,Hard,Purple,LIL ___ RAPPERS,BABY,JON,KIM,WAYNE
2023-07-03,Easiest,Yellow,DOG BREEDS,BOXER,DALMATIAN,HUSKY,POODLE
2023-07-03,Easy,Green,ANIMAL NOSES,BEAK,MUZZLE,SNOUT,TRUNK
2023-07-03,Medium,Blue,TRAFFIC SIGNS,DETOUR,SLOW,STOP,YIELD
2023-07-03,Hard,Purple,SOUND ___,ASLEEP,BARRIER,BITE,WAVE
2023-07-04,Easiest,Yellow,60's BAND MEMBERS,BEACH BOY,BEATLE,BYRD,MONKEE
2023-07-04,Easy,Green,DANCE FADS,DOUGIE,MACARENA,MASHED POTATO,TWIST
2023-07-04,Medium,Blue,MAGAZINES,FORTUNE,ROLLING STONE,VOGUE,WIRED
2023-07-04,Hard,Purple,THINGS WITH LINKS,CHAIN,GOLF COURSE,SAUSAGE,WEBSITE
2023-07-05,Easiest,Yellow,CANDY BARS,BOUNTY,CRUNCH,HEATH,MILKY WAY
2023-07-05,Easy,Green,VIDEO GAME CONSOLES,DREAMCAST,GENESIS,SWITCH,WII
2023-07-05,Medium,Blue,EAR PARTS,ANVIL,COCHLEA,HAMMER,STIRRUP
2023-07-05,Hard,Purple,BAND NAMES MINUS NUMBERS,BLINK,MAROON,SUM,U
2023-07-06,Easiest,Yellow,DESSERTS,CHEESECAKE,FLAN,MOUSSE,TIRAMISU
2023-07-06,Easy,Green,MILD OATHS,DARN,FUDGE,HECK,SHOOT
2023-07-06,Medium,Blue,ANIMALS WITH TUSKS,ELEPHANT,HIPPO,NARWHAL,WARTHOG
2023-07-06,Hard,Purple,MUSTACHES,HANDLEBAR,HORSESHOE,PENCIL,WALRUS
2023-07-07,Easiest,Yellow,EUROPEAN COUNTRIES,DENMARK,GREECE,POLAND,PORTUGAL
2023-07-07,Easy,Green,SYNONYMS FOR IMITATE,COPY,ECHO,MIMIC,PARROT
2023-07-07,Medium,Blue,TOMS,CRUISE,HOLLAND,PETTY,WAITS
2023-07-07,Hard,Purple,WORDS SPELLED WITH ROMAN NUMERALS,DILL,LIVID,MILD,MIX
2023-07-08,Easiest,Yellow,HATS,BERET,BOWLER,FEDORA,FEZ
2023-07-08,Easy,Green,ORGANS,HEART,KIDNEY,LIVER,LUNG
2023-07-08,Medium,Blue,PARTS OF A BOOK,COVER,JACKET,PAGE,SPINE
2023-07-08,Hard,Purple,JACK ___,ASS,KNIFE,POT,RABBIT
2023-07-09,Easiest,Yellow,SEVEN DWARFS,BASHFUL,DOC,GRUMPY,HAPPY
2023-07-09,Easy,Green,FILE EXTENSIONS,GIF,PDF,TIFF,ZIP
2023-07-09,Medium,Blue,FLIGHTLESS BIRDS,EMU,KIWI,OSTRICH,PENGUIN
2023-07-09,Hard,Purple,TROPICAL FRUITS,BANANA,COCONUT,MANGO,PINEAPPLE
2023-07-10,Easiest,Yellow,WINGED INSECTS,FLY,GNAT,MOTH,WASP
2023-07-10,Easy,Green,ARITHMETIC OPERATIONS,ADD,DIVIDE,MULTIPLY,SUBTRACT
2023-07-10,Medium,Blue,FISH,TANG,TETRA,SKATE,SOLE
2023-07-10,Hard,Purple,___ CAT,ALLEY,COOL,COPY,LAP
2023-07-11,Easiest,Yellow,NFL PLAYERS,BRONCO,COWBOY,PACKER,RAVEN
2023-07-11,Easy,Green,PASTA SHAPES,BOWTIE,ELBOW,SHELL,SPIRAL
2023-07-11,Medium,Blue,JOINTS,HIP,KNEE,SHOULDER,WRIST
2023-07-11,Hard,Purple,"MOVIES WITH ""!""",AIRPLANE,MOTHER,OKLAHOMA,THEM
2023-07-12,Easiest,Yellow,VEGETABLES THAT ARE ALSO FRUITS,CUCUMBER,EGGPLANT,PEPPER,TOMATO
2023-07-12,Easy,Green,3-D SHAPES,CONE,CUBE,PYRAMID,SPHERE
2023-07-12,Medium,Blue,"WORDS WITH ""i""",MAC,PAD,PHONE,POD
2023-07-12,Hard,Purple,WORDS WITH TWO PRONUNCIATIONS,JOB,LIMA,MOBILE,POLISH
2023-07-13,Easiest,Yellow,SHOE PARTS,HEEL,LACE,SOLE,TONGUE
2023-07-13,Easy,Green,BOARD GAMES,CLUE,RISK,SORRY,TROUBLE
2023-07-13,Medium,Blue,FICTIONAL SPIES,BOND,HUNT,RYAN,SMART
2023-07-13,Hard,Purple,RUBBER ___,BAND,CEMENT,DUCKIE,SOUL
2023-07-14,Easiest,Yellow,BOATS,FERRY,JUNK,TUG,YACHT
2023-07-14,Easy,Green,SANDWICHES,CLUB,CUBAN,MELT,SUB
2023-07-14,Medium,Blue,CUTS OF BEEF,FLANK,LOIN,ROUND,SHANK
2023-07-14,Hard,Purple,NICKNAMES THAT ARE VERBS,CHUCK,JOSH,ROB,SUE
2023-07-15,Easiest,Yellow,PLEASANT SMELLS,AROMA,BOUQUET,FRAGRANCE,SCENT
2023-07-15,Easy,Green,MUSIC GENRES,BLUES,COUNTRY,FUNK,SOUL
2023-07-15,Medium,Blue,ROCK PAPER SCISSORS,PAPER,ROCK,SCISSORS,SHOOT
2023-07-15,Hard,Purple,MALE ANIMALS,BOAR,BUCK,BULL,JACK
2023-07-16,Easiest,Yellow,U.S. COINS,DIME,NICKEL,PENNY,QUARTER
2023-07-16,Easy,Green,METAL ELEMENTS,IRON,LEAD,TIN,ZINC
2023-07-16,Medium,Blue,LUCKY CHARMS MARSHMALLOWS,CLOVER,HORSESHOE,MOON,RAINBOW
2023-07-16,Hard,Purple,___ AND ___,AGAIN,HALF,NECK,SO
2023-07-17,Easiest,Yellow,MARSUPIALS,KANGAROO,KOALA,WALLABY,WOMBAT
2023-07-17,Easy,Green,CHOCOLATE BARS,CHUNKY,CRUNCH,MARS,MOUNDS
2023-07-17,Medium,Blue,SLANG FOR MONEY,CHEDDAR,DOUGH,PAPER,STACKS
2023-07-17,Hard,Purple,NAKED ___,EYE,GUN,MOLE RAT,TRUTH
2023-07-18,Easiest,Yellow,MARINE MAMMALS,DOLPHIN,MANATEE,OTTER,SEAL
2023-07-18,Easy,Green,BIKE PARTS,BRAKE,CHAIN,SADDLE,SPOKE
2023-07-18,Medium,Blue,SYNONYMS FOR SELL,HAWK,MOVE,PEDDLE,VEND
2023-07-18,Hard,Purple,"COUNTRIES WHEN ""A"" IS ADDED",CHIN,CUB,MALT,TONG
2023-07-19,Easiest,Yellow,TREES,ASH,CEDAR,MAPLE,PINE
2023-07-19,Easy,Green,LAND FORMATIONS,HILL,MOUNTAIN,PLATEAU,VALLEY
2023-07-19,Medium,Blue,BAGEL FLAVORS,EVERYTHING,ONION,PLAIN,POPPY
2023-07-19,Hard,Purple,STREETS ON SCREEN,ELM,FEAR,JUMP,SESAME
2023-07-20,Easiest,Yellow,TIMEKEEPING DEVICES,CLOCK,HOURGLASS,SUNDIAL,WATCH
2023-07-20,Easy,Green,HAIRSTYLES,BOB,CROP,PIXIE,SHAG
2023-07-20,Medium,Blue,UNITS OF MEASURE,HERTZ,MOLE,NEWTON,SECOND
2023-07-20,Hard,Purple,DR. ___,EVIL,J,NO,PEPPER
2023-07-21,Easiest,Yellow,WOODWINDS,BASSOON,CLARINET,FLUTE,OBOE
2023-07-21,Easy,Green,COVERINGS,CAP,COVER,LID,TOP
2023-07-21,Medium,Blue,SUNGLASSES,AVIATOR,CAT EYE,WAYFARER,WRAPAROUND
2023-07-21,Hard,Purple,SEALS,HARBOR,HARP,HOODED,MONK
2023-07-22,Easiest,Yellow,BOTTLED WATER BRANDS,DASANI,EVIAN,FIJI,VOSS
2023-07-22,Easy,Green,SLANG FOR COFFEE,BREW,JAVA,JOE,MUD
2023-07-22,Medium,Blue,ISLAND COUNTRIES,CUBA,JAPAN,MALTA,PALAU
2023-07-22,Hard,Purple,CEREAL MASCOTS,LUCKY,POP,SAM,TONY
2023-07-23,Easiest,Yellow,SCUBA GEAR,FINS,MASK,SNORKEL,TANK
2023-07-23,Easy,Green,PUNCTUATION MARKS,COLON,COMMA,HYPHEN,PERIOD
2023-07-23,Medium,Blue,RUN QUICKLY,BOLT,DASH,RACE,SPRINT
2023-07-23,Hard,Purple,___ CAT,DOJA,FAT,HOUSE,JUNGLE
2023-07-24,Easiest,Yellow,SYNONYMS FOR ANGRY,FURIOUS,INCENSED,IRATE,LIVID
2023-07-24,Easy,Green,THINGS THAT ARE YELLOW,BANANA,CANARY,SCHOOL BUS,SUNFLOWER
2023-07-24,Medium,Blue,MARINE BIRDS,BOOBY,GULL,PELICAN,PUFFIN
2023-07-24,Hard,Purple,___ BOYS,BEACH,BEASTIE,HARDY,LOST
2023-07-25,Easy,Green,EDIT MENU COMMANDS,COPY,CUT,PASTE,UNDO
2023-07-25,Medium,Blue,DEFEAT BADLY,CRUSH,ROUT,SHELLAC,TRASH
2023-07-25,Hard,Purple,ANAGRAMS,LEAST,SLATE,STALE,TESLA
2023-07-26,Easiest,Yellow,MODES OF TRANSPORTATION,BOAT,CAR,PLANE,TRAIN
2023-07-26,Easy,Green,NBA PLAYERS,KING,MAGIC,SUN,THUNDER
2023-07-26,Medium,Blue,FAST FOOD CHAINS,CHECKERS,OUTBACK,SONIC,SUBWAY
2023-07-26,Hard,Purple,BAND NAMES MINUS COLORS,DAY,FLOYD,SABBATH,STRIPES
2023-07-27,Easiest,Yellow,MOVIE TITLE CITIES,CHICAGO,MUNICH,PHILADELPHIA,RIO
2023-07-27,Easy,Green,FASHION MAGAZINES,ALLURE,ELLE,GLAMOUR,W
2023-07-27,Medium,Blue,STORMS,BLIZZARD,CYCLONE,SQUALL,TORNADO
2023-07-27,Hard,Purple,COCKTAILS,COSMOPOLITAN,HURRICANE,MANHATTAN,SCREWDRIVER
2023-07-28,Easiest,Yellow,BIOMES,DESERT,FOREST,GRASSLAND,TUNDRA
2023-07-28,Easy,Green,LIZARDS,CHAMELEON,GECKO,IGUANA,MONITOR
2023-07-28,Medium,Blue,YOGA POSES,COBRA,LOTUS,TREE,WARRIOR
2023-07-28,Hard,Purple,DANCES WHEN DOUBLED,CAN,CHA,GO,NAE
2023-07-29,Easiest,Yellow,FABRICS,CORDUROY,DENIM,LINEN,TWEED
2023-07-29,Easy,Green,APPARITIONS,GHOST,PHANTOM,SPECTER,SPIRIT
2023-07-29,Medium,Blue,SYNONYMS FOR BOTHER,NEEDLE,POKE,RIB,TEASE
2023-07-29,Hard,Purple,DISNEY CHARACTERS,BEAST,GENIE,SCAR,STITCH
2023-07-30,Easiest,Yellow,RELATIVES,AUNT,COUSIN,MOTHER,NEPHEW
2023-07-30,Easy,Green,SYNONYMS FOR OFFBEAT,DAFFY,KOOKY,QUIRKY,WACKY
2023-07-30,Medium,Blue,DISNEY DUCKS,DAISY,DEWEY,DONALD,SCROOGE
2023-07-30,Hard,Purple,___ CLOCK,ALARM,BIOLOGICAL,CUCKOO,GRANDFATHER
2023-07-31,Easiest,Yellow,UNITS OF LENGTH,FOOT,INCH,MILE,YARD
2023-07-31,Easy,Green,TYPES OF PAINT,ACRYLIC,OIL,TEMPERA,WATERCOLOR
2023-07-31,Medium,Blue,DEEP-FRIED FOOD,FALAFEL,KATSU,SAMOSA,SCHNITZEL
2023-07-31,Hard,Purple,STARTS OF U.S. COINS,DIM,NICK,PEN,QUART
2023-08-01,Easiest,Yellow,LONG SANDWICHES,HERO,HOAGIE,GRINDER,SUB
2023-08-01,Easy,Green,DATING APPS,BUMBLE,HINGE,MATCH,TINDER
2023-08-01,Medium,Blue,VAMPIRE MOVIES,BLADE,LOST BOYS,NEAR DARK,TWILIGHT
2023-08-01,Hard,Purple,ADAMS,ANT,DRIVER,SCOTT,WEST
2023-08-02,Easiest,Yellow,COMPUTER EQUIPMENT,KEYBOARD,MONITOR,MOUSE,SPEAKER
2023-08-02,Easy,Green,RODENTS,GERBIL,HAMSTER,RAT,VOLE
2023-08-02,Medium,Blue,MUSICAL INSTRUMENTS,HARP,HORN,ORGAN,TRIANGLE
2023-08-02,Hard,Purple,SYNONYMS FOR COMPLAIN,CARP,GRIPE,GROUSE,MOAN
2023-08-03,Easiest,Yellow,ANIMAL GROUP NAMES,COLONY,HERD,PRIDE,SWARM
2023-08-03,Easy,Green,STONED,BAKED,BLAZED,HIGH,LIT
2023-08-03,Medium,Blue,AP CLASSES,BIO,CHEM,GOV,STATS
2023-08-03,Hard,Purple,TAXONOMY RANKS,CLASS,DOMAIN,FAMILY,ORDER
2023-08-04,Easiest,Yellow,PLACES FOR WORSHIP,ALTAR,RELIQUARY,SHRINE,TEMPLE
2023-08-04,Easy,Green,CARTOON CATS,FELIX,GARFIELD,SYLVESTER,TOM
2023-08-04,Medium,Blue,PRESIDENTIAL FIRST NAMES,CALVIN,CHESTER,GROVER,HARRY
2023-08-04,Hard,Purple,___ ROAD,ABBEY,HIGH,ROCKY,SILK
2023-08-05,Easiest,Yellow,CLASSIC TOYS,BLOCKS,DOLL,TOP,YO
2023-08-05,Easy,Green,WORDS WITH THREE G'S,BAGGAGE,EGGNOG,GIGGLE,LEGGINGS
2023-08-05,Medium,Blue,SHAKESPEARE CHARACTERS,DUNCAN,JULIET,PUCK,VIOLA
2023-08-05,Hard,Purple,___ STICK,FISH,HOCKEY,MEMORY,SELFIE
2023-08-06,Easiest,Yellow,CLASSIC ARCADE GAMES,ASTEROIDS,BREAKOUT,FROGGER,PONG
2023-08-06,Easy,Green,DANCES,HUSTLE,SALSA,SWING,TANGO
2023-08-06,Medium,Blue,TOUCHSCREEN GESTURES,PINCH,SPREAD,SWIPE,TAP
2023-08-06,Hard,Purple,RAPPERS MINUS NUMBERS,CENT,CHAINZ,PAC,SAVAGE
2023-08-07,Easiest,Yellow,MOVIE GENRES,HORROR,MUSICAL,ROMANCE,WESTERN
2023-08-07,Easy,Green,PATTERNS,HOUNDSTOOTH,PAISLEY,PLAID,STRIPES
2023-08-07,Medium,Blue,SYNONYMS FOR FALSEHOOD,FIB,FICTION,LIE,TALE
2023-08-07,Hard,Purple,CANDY PIECES,DOT,GOOBER,KISS,WHOPPER
2023-08-08,Easiest,Yellow,ARACHNIDS,MITE,SCORPION,SPIDER,TICK
2023-08-08,Easy,Green,FISH,CHAR,EEL,PERCH,SHARK
2023-08-08,Medium,Blue,SUPERHEROES,BLACK WIDOW,BLADE,FLASH,STORM
2023-08-08,Hard,Purple,MTV SHOWS,CATFISH,CRIBS,JACKASS,STATE
2023-08-09,Easiest,Yellow,UNSPECIFIED QUANTITIES,FEW,HANDFUL,SEVERAL,SOME
2023-08-09,Easy,Green,CELESTIAL OBJECTS,ASTEROID,COMET,MOON,PLANET
2023-08-09,Medium,Blue,NEWSPAPERS,GLOBE,JOURNAL,POST,SUN
2023-08-09,Hard,Purple,FRUIT HOMOPHONES,LYME,MELLON,PAIR,PLUMB
2023-08-10,Easiest,Yellow,HORROR FRANCHISES,PURGE,RING,SAW,SCREAM
2023-08-10,Easy,Green,SPORTS VENUES,COURT,DIAMOND,FIELD,RINK
2023-08-10,Medium,Blue,MAKE HAPPY,CHARM,DELIGHT,PLEASE,TICKLE
2023-08-10,Hard,Purple,JEWELRY,ANKLET,BANGLE,BROOCH,PENDANT
2023-08-11,Easiest,Yellow,THEORETICAL PHYSICISTS,EINSTEIN,FEYNMAN,HAWKING,OPPENHEIMER
2023-08-11,Easy,Green,TALENT,FACULTY,FLAIR,GENIUS,GIFT
2023-08-11,Medium,Blue,AUSTRALIAN TERMS,BARBIE,BUSH,CRIKEY,MATE
2023-08-11,Hard,Purple,___ POINT,MATCH,MOOT,SELLING,WEST
2023-08-12,Easiest,Yellow,STATE ABBREVIATIONS,CO,MA,ME,PA
2023-08-12,Easy,Green,MUSICAL NOTES,DO,FA,LA,TI
2023-08-12,Medium,Blue,GREEK LETTERS,MU,NU,PI,XI
2023-08-12,Hard,Purple,PERIODIC TABLE SYMBOLS,FE,HE,NI,
2023-08-13,Easiest,Yellow,FASTENING VERBS,BUCKLE,BUTTON,SNAP,ZIP
2023-08-13,Easy,Green,SLANG FOR ZERO,JACK,NADA,NOTHING,SQUAT
2023-08-13,Medium,Blue,GYM EXERCISES,CURL,LUNGE,PLANK,PRESS
2023-08-13,Hard,Purple,CAPTAINS,CRUNCH,KANGAROO,OBVIOUS,PLANET
2023-08-14,Easiest,Yellow,CLASSIC DOG NAMES,FIDO,LUCKY,ROVER,SPOT
2023-08-14,Easy,Green,PERCEIVE,CATCH,NOTICE,OBSERVE,SEE
2023-08-14,Medium,Blue,FISHING TERMS,BAIT,CHUM,FLY,SINKER
2023-08-14,Hard,Purple,T-___,BONE,REX,SHIRT,STORM
2023-08-15,Easy,Green,ENERGY,JUICE,SPIRIT,STEAM,VIGOR
2023-08-15,Medium,Blue,CLASSICAL ELEMENTS,AIR,EARTH,FIRE,WATER
2023-08-15,Hard,Purple,THINGS WITH RINGS,CIRCUS,SATURN,TREE,WEDDING
2023-08-16,Easiest,Yellow,TIME PERIODS,CENTURY,DECADE,MILLENNIUM,YEAR
2023-08-16,Easy,Green,BREAKFAST FOODS,CEREAL,OMELET,PANCAKE,WAFFLE
2023-08-16,Medium,Blue,PAINTERS,BACON,CLOSE,MUNCH,WHISTLER
2023-08-16,Hard,Purple,ONE IN A DOZEN,EGG,JUROR,MONTH,ROSE
2023-08-17,Easiest,Yellow,DESSERTS,CAKE,COBBLER,PIE,TART
2023-08-17,Easy,Green,OCCUPATIONAL SURNAMES,FISHER,MASON,MILLER,SMITH
2023-08-17,Medium,Blue,ALTER DECEPTIVELY,DISTORT,DOCTOR,FUDGE,TWIST
2023-08-17,Hard,Purple,SQUARE ___,DANCE,MEAL,ONE,ROOT
2023-08-18,Easiest,Yellow,UNITS OF VOLUME,CUP,GALLON,PINT,QUART
2023-08-18,Easy,Green,EXTREMELY,AWFUL,QUITE,SUPER,VERY
2023-08-18,Medium,Blue,WORLD CURRENCIES,RAND,REAL,STERLING,WON
2023-08-18,Hard,Purple,___ CAKE,CARROT,COFFEE,POUND,SPONGE
2023-08-19,Easiest,Yellow,FRIEND,BUD,CHUM,MATE,PAL
2023-08-19,Easy,Green,COOKWEAR,CROCK,POT,SKILLET,WOK
2023-08-19,Medium,Blue,SHOES,CLOG,PUMP,SLIDE,WEDGE
2023-08-19,Hard,Purple,SLANG FOR CANNABIS,GRASS,HERB,MARY JANE,WEED
2023-08-20,Easiest,Yellow,CAMPING SUPPLIES,COOLER,LANTERN,SLEEPING BAG,TENT
2023-08-20,Easy,Green,INSULT,BARB,DIG,DISS,JAB
2023-08-20,Medium,Blue,TINY,MINUTE,SLIGHT,SMALL,WEE
2023-08-20,Hard,Purple,HAPPY ___,CAMPER,HOUR,MEAL,MEDIUM
2023-08-21,Easiest,Yellow,U.S. MOUNTAIN STATES,ARIZONA,COLORADO,NEVADA,UTAH
2023-08-21,Easy,Green,SODA BRANDS,CRUSH,MUG,SPRITE,SQUIRT
2023-08-21,Medium,Blue,CLASSIC ROCK BANDS,GENESIS,KANSAS,RUSH,YES
2023-08-21,Hard,Purple,TONY ___,HAWK,MONTANA,SOPRANO,STARK
2023-08-22,Easiest,Yellow,PERFORMING ARTISTS,ACTOR,DANCER,SINGER,STAND
2023-08-22,Easy,Green,SANTA'S REINDEER,COMET,CUPID,DASHER,VIXEN
2023-08-22,Medium,Blue,SEEN ON VALENTINE'S DAY,CARD,CHOCOLATE,HEART,ROSE
2023-08-22,Hard,Purple,"BAD ___ MOVIES""",BOYS,LIEUTENANT,SANTA,TASTE
2023-08-23,Easiest,Yellow,FACIAL HAIR,BEARD,GOATEE,MUSTACHE,STUBBLE
2023-08-23,Easy,Green,BIKE PARTS,GEAR,HANDLEBAR,PEDAL,WHEEL
2023-08-23,Medium,Blue,PURSUE,DOG,FOLLOW,TAIL,TRACK
2023-08-23,Hard,Purple,THINGS THAT ARE CAST,DOUBT,MOVIE,SHADOW,VOTE
2023-08-24,Easiest,Yellow,EXTINCT ANIMALS,DODO,MAMMOTH,MASTODON,TRILOBITE
2023-08-24,Easy,Green,FAILURES,BUSTS,FLOPS,MISSES,TURKEYS
2023-08-24,Medium,Blue,SLANG FOR CLOTHES,DUDS,GETUP,OUTFIT,THREADS
2023-08-24,Hard,Purple,KISS,PECK,SMACK,SMOOCH,X
2023-08-25,Easiest,Yellow,SOCIAL GATHERING,BASH,BLOWOUT,PARTY,SHINDIG
2023-08-25,Easy,Green,FOUND IN A KITCHEN,COUNTER,MIXER,RANGE,SINK
2023-08-25,Medium,Blue,“PINOCCHIO” FIGURES,CRICKET,PUPPET,WHALE,WOODCARVER
2023-08-25,Hard,Purple,EASTER ___,BUNNY,EGG,ISLAND,SUNDAY
2023-08-26,Easiest,Yellow,BOARD GAMES,RISK,SORRY,TABOO,TROUBLE
2023-08-26,Easy,Green,NEWSPAPER SECTIONS,BUSINESS,NATIONAL,OPINION,STYLE
2023-08-26,Medium,Blue,FIGURES IN GREEK MYTH,ATLAS,HERMES,NIKE,PARIS
2023-08-26,Hard,Purple,FIRST WORDS IN RAPPERS' NAMES,FOXY,GUCCI,KILLER,NOTORIOUS
2023-08-27,Easiest,Yellow,PIECES OF CHICKEN,BREAST,DRUMSTICK,TENDER,WING
2023-08-27,Easy,Green,GOLF TERMS,DRIVER,EAGLE,HOLE,STROKE
2023-08-27,Medium,Blue,DRUM SET COMPONENTS,CYMBAL,KICK,SNARE,TOM
2023-08-27,Hard,Purple,ASSOCIATED WITH “CRAWL”,INFANT,PUB,SWIMMING,TICKER
2023-08-28,Easiest,Yellow,STATES OF ELATION,BLISS,CLOUD NINE,HEAVEN,PARADISE
2023-08-28,Easy,Green,SCAM,CON,FAST ONE,HUSTLE,RACKET
2023-08-28,Medium,Blue,GREETING GESTURES,HIGH FIVE,HUG,SHAKE,WAVE
2023-08-28,Hard,Purple,___ LIST,BUCKET,GUEST,TOP TEN,WISH
2023-08-29,Easiest,Yellow,DEPART QUICKLY,BOOK,BOUNCE,RUN,SPLIT
2023-08-29,Easy,Green,ANIMALS THAT END WITH “X”,FOX,IBEX,LYNX,ORYX
2023-08-29,Medium,Blue,SHADES OF BLACK,EBONY,JET,ONYX,RAVEN
2023-08-29,Hard,Purple,WORDS BEFORE DAYS OF THE WEEK,ASH,BLACK,CYBER,FAT
2023-08-30,Easiest,Yellow,PLAYGROUND FIXTURES,SANDBOX,SEESAW,SLIDE,SWING
2023-08-30,Medium,Blue,EGYPTIAN SYMBOLS,ANKH,CROOK,EYE,SCARAB
2023-08-30,Hard,Purple,FONTS,COURIER,IMPACT,PAPYRUS,TIMES
2023-08-31,Easiest,Yellow,APPETIZER UNIT,FRY,NACHO,POPPER,WING
2023-08-31,Easy,Green,RESPONSE TO A CORRECT ANSWER,BINGO,CORRECT,RIGHT,YES
2023-08-31,Medium,Blue,MAR,CHIP,DING,NICK,SCRATCH
2023-08-31,Hard,Purple,___JACK,APPLE,CRACKER,FLAP,LUMBER
2023-09-01,Easiest,Yellow,DRINK VESSELS,GOBLET,SNIFTER,TUMBLER,STEIN
2023-09-01,Easy,Green,WOODWINDS,CLARINET,FLUTE,OBOE,SAXOPHONE
2023-09-01,Medium,Blue,AMERICAN POETS,BISHOP,FROST,OLDS,POUND
2023-09-01,Hard,Purple,CONSECUTIVE DOUBLE LETTERS,BALLOON,BASSOON,COFFEE,FRICASSEE
2023-09-02,Easiest,Yellow,AU NATUREL,BARE,NAKED,NUDE,UNCLAD
2023-09-02,Easy,Green,BAKED GOODS,BUN,DANISH,MUFFIN,TURNOVER
2023-09-02,Medium,Blue,AMERICAN FOOTBALL ACTIONS,FUMBLE,PUNT,SACK,SNAP
2023-09-02,Hard,Purple,MANICURE STEPS,BUFF,CLIP,FILE,POLISH
2023-09-03,Easiest,Yellow,FEMALE ANIMALS,COW,DOE,HEN,MARE
2023-09-03,Easy,Green,PRONOUNS,I,IT,THEY,WE
2023-09-03,Medium,Blue,ROMAN NUMERALS,D,L,M,V
2023-09-03,Hard,Purple,HOMOPHONES,EWE,U,YEW,YOU
2023-09-04,Easiest,Yellow,PAINTING ACCESSORIES,BRUSH,CANVAS,EASEL,PALETTE
2023-09-04,Easy,Green,AUTOMATIC TRANSMISSION SETTINGS,DRIVE,NEUTRAL,PARK,REVERSE
2023-09-04,Medium,Blue,THINGS WITH TEETH,COMB,GEAR,SAW,ZIPPER
2023-09-04,Hard,Purple,___ CHAIR,FIRST,FOLDING,HIGH,LAWN
2023-09-05,Easiest,Yellow,INFORMATION DISPLAYS,CHART,DIAGRAM,GRAPH,MAP
2023-09-05,Easy,Green,ADDITIONAL BENEFIT,BONUS,EXTRA,ICING,PERK
2023-09-05,Medium,Blue,THANKSGIVING FOOD,GRAVY,PIE,STUFFING,TURKEY
2023-09-05,Hard,Purple,SONG TITLES WITH PARENTHESES,I RAN,ISTANBUL,MONTERO,SATISFACTION
2023-09-06,Easiest,Yellow,CREATURES IN FOLKLORE,GNOME,GOBLIN,OGRE,TROLL
2023-09-06,Easy,Green,FLOWER PARTS,BUD,LEAF,PETAL,STALK
2023-09-06,Medium,Blue,ONE INVOLVED IN ESPIONAGE,AGENT,MOLE,PLANT,SPY
2023-09-06,Hard,Purple,CHINESE ZODIAC ANIMALS,DRAGON,HORSE,RABBIT,TIGER
2023-09-07,Easiest,Yellow,ROCKY HORROR PICTURE SHOW,HORROR,PICTURE,ROCKY,SHOW
2023-09-07,Easy,Green,WHO FRAMED ROGER RABBIT,FRAMED,RABBIT,ROGER,WHO
2023-09-07,Medium,Blue,WHEN HARRY MET SALLY,HARRY,MET,SALLY,WHEN
2023-09-07,Hard,Purple,MAD MAX FURY ROAD,FURY,MAD,MAX,ROAD
2023-09-08,Easiest,Yellow,INHERENT NATURE,ESSENCE,HEART,SPIRIT,SOUL
2023-09-08,Easy,Green,FERMENETED ALCOHOLIC BEVERAGES,CIDER,PORT,SAKE,STOUT
2023-09-08,Medium,Blue,PIXAR MOVIES,BRAVE,CARS,COCO,UP
2023-09-08,Hard,Purple,___ TAPE,DEMO,RED,SCOTCH,TICKER
2023-09-09,Easiest,Yellow,BASEBALL CALLS,BALL,OUT,SAFE,STRIKE
2023-09-09,Easy,Green,HEAT SOURCES,FORGE,FURNACE,KILN,OVEN
2023-09-09,Medium,Blue,FISH THAT ARE VERBS,CARP,CATFISH,FLOUNDER,SMELT
2023-09-09,Hard,Purple,SILENT “L”,COLONEL,SALMON,WALK,YOLK
2023-09-10,Easiest,Yellow,AMAZON ANIMALS,ANACONDA,CAPYBARA,JAGUAR,TOUCAN
2023-09-10,Easy,Green,LOWEST POINT,BASE,BOTTOM,FOOT,FOUNDATION
2023-09-10,Medium,Blue,MUSICALS,COMPANY,GREASE,HAIR,RENT
2023-09-10,Hard,Purple,SEA ___,CHANGE,CUCUMBER,LEGS,LION
2023-09-11,Easiest,Yellow,HALLOWEEN DECORATIONS,BAT,COBWEB,PUMPKIN,TOMBSTONE
2023-09-11,Easy,Green,TV SHOWS,24,BONES,FIREFLY,WEEDS
2023-09-11,Medium,Blue,SLOT MACHINE SYMBOLS,7,BAR,BELL,CHERRY
2023-09-11,Hard,Purple,NUMBERS IN BOOK TITLES,22,451,2001,20
2023-09-12,Easiest,Yellow,HOT DRINKS,CHAI,COCOA,COFFEE,TEA
2023-09-12,Easy,Green,ANIMAL SOUNDS,BUZZ,CLUCK,MEOW,OINK
2023-09-12,Medium,Blue,TREE FEATURES,BARK,BRANCH,ROOT,TRUNK
2023-09-12,Hard,Purple,INSIDE INFO,DIRT,DISH,SCOOP,SKINNY
2023-09-13,Easiest,Yellow,“SKEDADDLE!”,GET OUT,GO,LEAVE,SCRAM
2023-09-13,Easy,Green,PRONOUNS,ME,THEM,US,YOU
2023-09-13,Medium,Blue,ANAGRAMS,NOPE,OPEN,PEON,PONE
2023-09-13,Hard,Purple,___ BABY,BEANIE,FUR,NEPO,SANTA
2023-09-14,Easiest,Yellow,EYE PARTS,IRIS,LENS,PUPIL,RETINA
2023-09-14,Easy,Green,COUNTERFEIT,BOGUS,FAKE,PHONY,SHAM
2023-09-14,Medium,Blue,RADIO LINGO,COPY,OUT,OVER,ROGER
2023-09-14,Hard,Purple,SONGS THAT ARE NAMES,ALEJANDRO,LOLA,MICHELLE,STAN
2023-09-15,Easiest,Yellow,BOVIDS,BUFFALO,COW,GOAT,SHEEP
2023-09-15,Easy,Green,EMIT LIGHT,BEAM,GLOW,RADIATE,SHINE
2023-09-15,Medium,Blue,GYMNASTICS APPARATUS,FLOOR,HORSE,RINGS,VAULT
2023-09-15,Hard,Purple,WORDS THAT SOUND LIKE TWO LETTERS,CUTIE,ENVY,EXCEL,SEEDY
2023-09-16,Easiest,Yellow,FAIRY TALE FIGURES,GIANT,PRINCESS,WITCH,WOLF
2023-09-16,Easy,Green,CHESS TERMS,BISHOP,MATE,GAMBIT,QUEEN
2023-09-16,Medium,Blue,“PEANUTS” CHARACTERS,CHARLIE,PEPPERMINT PATTY,PIGPEN,WOODSTOCK
2023-09-16,Hard,Purple,I LOVE ___,LUCY,NEW YORK,ROCK 'N ROLL,YOU
2023-09-17,Easiest,Yellow,FRUITS,APRICOT,FIG,GRAPE,LIME
2023-09-17,Easy,Green,LUXURIOUS,DELUXE,GRAND,LAVISH,OPULENT
2023-09-17,Medium,Blue,BEST ACTRESS OSCAR WINNERS,BERRY,FOSTER,STONE,SWANK
2023-09-17,Hard,Purple,WHAT “GREEN” MIGHT MEAN,ENVIOUS,FRESH,NAIVE,UNWELL
2023-09-18,Easiest,Yellow,INTELLIGENT,BRIGHT,CLEVER,QUICK,SHARP
2023-09-18,Easy,Green,AIRLINES,ALASKA,FRONTIER,SOUTHWEST,SPIRIT
2023-09-18,Medium,Blue,WESTERN TROPES,COWBOY,DRIFTER,OUTLAW,SHERIFF
2023-09-18,Hard,Purple,TV SHOW TITLE SURNAMES,LASSO,MARS,ROGERS,SMART
2023-09-19,Easiest,Yellow,WEB BROWSER-RELATED,BOOKMARK,HISTORY,TAB,WINDOW
2023-09-19,Easy,Green,SHIRT FEATURES,BUTTON,COLLAR,CUFF,POCKET
2023-09-19,Medium,Blue,CONNECTION,BOND,LINK,RELATION,TIE
2023-09-19,Hard,Purple,DIRTY ___,DOZEN,JOKE,LAUNDRY,MARTINI
2023-09-20,Easiest,Yellow,REPLACEMENT,BACKUP,COPY,EXTRA,SPARE
2023-09-20,Easy,Green,BOWLING,ALLEY,BALL,LANE,PIN
2023-09-20,Medium,Blue,COMMON MERCH ITEMS,MUG,PEN,TEE,TOTE
2023-09-20,Hard,Purple,NUMBER HOMOPHONES,ATE,FOR,TOO,WON
2023-09-21,Easiest,Yellow,RESTAURANT WORKERS,BARTENDER,CHEF,HOST,SERVER
2023-09-21,Easy,Green,MOTOR VEHICLES,BUS,CAR,MOTORCYCLE,TRUCK
2023-09-21,Medium,Blue,MUPPETS,ANIMAL,BEAKER,GONZO,SCOOTER
2023-09-21,Hard,Purple,HAND- AND FOOT-RELATED SLANG,DIGIT,DOG,MITT,PIGGY
2023-09-22,Easiest,Yellow,SODA FOUNTAIN ORDERS,FLOAT,MALT,SHAKE,SUNDAE
2023-09-22,Easy,Green,SET AS PLANS,CONCRETE,FIRM,SOLID,TANGIBLE
2023-09-22,Medium,Blue,M. NIGHT SHYAMALAN MOVIES,GLASS,OLD,SIGNS,SPLIT
2023-09-22,Hard,Purple,___BOARD,DASH,HOVER,KEY,STAR
2023-09-23,Easiest,Yellow,ROBUST,FIT,HEALTHY,SOUND,STRONG
2023-09-23,Easy,Green,DECLINE,DIP,DROP,FALL,SINK
2023-09-23,Medium,Blue,WATER SOURCES,FOUNTAIN,SPRING,TAP,WELL
2023-09-23,Hard,Purple,WOMEN SINGERS,KEYS,NICKS,SUMMER,SWIFT
2023-09-24,Easiest,Yellow,KITCHEN UTENSILS,GRATER,LADLE,PEELER,WHISK
2023-09-24,Easy,Green,VERTEBRATES,BIRD,FISH,MAMMAL,REPTILE
2023-09-24,Medium,Blue,SUPER MARIO-RELATED,DINOSAUR,MUSHROOM,PLUMBER,PRINCESS
2023-09-24,Hard,Purple,SITCOM FAMILIES,BUNKER,CLEAVER,PARTRIDGE,TANNER
2023-09-25,Easiest,Yellow,BRIDAL ACCESSORIES,BOUQUET,RING,TRAIN,VEIL
2023-09-25,Easy,Green,“C” WORDS FOR “ENVELOP”,CAKE,COAT,COVER,CRUST
2023-09-25,Medium,Blue,JACKS,BLACK,FROST,MA,SPARROW
2023-09-25,Hard,Purple,SOCIAL MEDIA APP ENDINGS,BOOK,GRAM,IN,TUBE
2023-09-26,Easiest,Yellow,SNAKES,BOA,MAMBA,PYTHON,VIPER
2023-09-26,Easy,Green,LINGERIE,GARTER,SLIP,TEDDY,THONG
2023-09-26,Medium,Blue,SUMMARY,ABSTRACT,BRIEF,DIGEST,RUNDOWN
2023-09-26,Hard,Purple,FULL ___,CIRCLE,HOUSE,MONTY,MOON
2023-09-27,Easiest,Yellow,PRODUCED BY TREES,ACORN,CONE,POLLEN,SAP
2023-09-27,Easy,Green,CANDY STORE TREATS,CHOCOLATE,GUM,LICORICE,LOLLIPOP
2023-09-27,Medium,Blue,TARGET OF A SCHEME,CHUMP,FOOL,MARK,SUCKER
2023-09-27,Hard,Purple,THINGS WITH EYE(S),FACE,HURRICANE,NEEDLE,POTATO
2023-09-28,Easiest,Yellow,REFLECT LIGHT,FLASH,GLEAM,GLITTER,SPARKLE
2023-09-28,Easy,Green,WAYS TO GATHER FOOD,FISH,FORAGE,HUNT,TRAP
2023-09-28,Medium,Blue,RAP SUBGENRES,BOUNCE,CRUNK,DRILL,GRIME
2023-09-28,Hard,Purple,LIGHT ___,BEER,BULB,RAIL,YEAR
2023-09-29,Easiest,Yellow,VERY IMPORTANT,CENTRAL,CRITICAL,KEY,VITAL
2023-09-29,Easy,Green,RECYCLNG CATEGORIES,GLASS,METAL,PAPER,PLASTIC
2023-09-29,Medium,Blue,HUDSONS,HENRY,JENNIFER,KATE,ROCK
2023-09-29,Hard,Purple,WHAT “BEAT” MAY MEAN,ASSIGNMENT,DEFEAT,TEMPO,TIRED
2023-09-30,Easiest,Yellow,PLAYING CARD SUITS,CLUB,DIAMOND,HEART,SPADE
2023-09-30,Easy,Green,GOLF CLUBS,IRON,PUTTER,WEDGE,WOOD
2023-09-30,Medium,Blue,YEARN,ACHE,LONG,PINE,THIRST
2023-09-30,Hard,Purple,INSUFFICIENT,LOW,SHORT,SHY,WANTING
2023-10-01,Easiest,Yellow,COFFEE COUNTER ITEMS,CUP,LID,STIRRER,STRAW
2023-10-01,Easy,Green,NOCTURNAL ANIMALS,BAT,MOTH,OWL,WOLF
2023-10-01,Medium,Blue,THINGS THAT ARE RED,BEET,BRICK,CARDINAL,POPPY
2023-10-01,Hard,Purple,___ FIGURE,ACTION,BALLPARK,GO,STICK
2023-10-02,Easiest,Yellow,WAYS TO SHOW RESPECT,BOW,KNEEL,SALUTE,STAND
2023-10-02,Easy,Green,IPHONE APPS,CLOCK,MAIL,MAPS,NOTES
2023-10-02,Medium,Blue,ANIMAL COVERINGS,DOWN,FUR,SCALES,SHELL
2023-10-02,Hard,Purple,“POINTERS”,ARROW,DOG,FINGER,HINT
2023-10-03,Easiest,Yellow,LONG-HAIRED ANIMALS,AFGHAN,ALPACA,ANGORA,YAK
2023-10-03,Easy,Green,PRATTLE ON,BLATHER,CHAT,JABBER,GAB
2023-10-03,Medium,Blue,SNEAKER BRANDS,CONVERSE,JORDAN,PUMA,VANS
2023-10-03,Hard,Purple,___ BALLOON,LEAD,SPEECH,TRIAL,WATER
2023-10-04,Easiest,Yellow,CHRISTMAS-RELATED,MISTLETOE,REINDEER,SNOWMAN,STOCKING
2023-10-04,Easy,Green,MAKE PUBLIC,DISPLAY,EXHIBIT,PRESENT,SHOW
2023-10-04,Medium,Blue,TORUS-SHAPED FOOD,BAGEL,CHEERIO,DONUT,LIFESAVER
2023-10-04,Hard,Purple,THINGS WITH STRIPES,CANDY CANE,CROSSWALK,REFEREE,TIGER
2023-10-05,Easiest,Yellow,DIVISION,ARM,BRANCH,CHAPTER,WING
2023-10-05,Easy,Green,IMPERIAL UNITS,BUSHEL,PECK,STONE,TON
2023-10-05,Medium,Blue,M.L.B. TEAM MEMBER,ANGEL,CUB,MET,RED
2023-10-05,Hard,Purple,INSECT HOMOPHONES,AUNT,BEATLE,FLEE,NAT
2023-10-06,Easiest,Yellow,LAUGHTER IN A TEXT,DEAD,HAHA,LOL,ROFL
2023-10-06,Easy,Green,ART MOVEMENTS,DADA,DECO,GOTHIC,POP
2023-10-06,Medium,Blue,“PETER PAN” CHARACTERS,HOOK,NANA,PETER,WENDY
2023-10-06,Hard,Purple,LADY ___,BIRD,GAGA,LUCK,MACBETH
2023-10-07,Easiest,Yellow,RHYMES,DARREN,KAREN,SHARON,AARON
2023-10-07,Easy,Green,NATURAL FEATURES,DALE,BROOK,SAVANNA,CLIFF
2023-10-07,Medium,Blue,IRREGULAR VERBS,DREW,ROSE,WILL,MAY
2023-10-07,Hard,Purple,PALINDROMES,EVE,HANNAH,OTTO,NATAN
2023-10-08,Easiest,Yellow,CELEBRATORY OCCASIONS,ANNIVERSARY,BIRTHDAY,SHOWER,WEDDING
2023-10-08,Easy,Green,PHONE CONNECTIVITY,BARS,RECEPTION,SERVICE,SIGNAL
2023-10-08,Medium,Blue,CITIES AND TOWNS IN ENGLAND,BATH,DERBY,READING,SANDWICH
2023-10-08,Hard,Purple,___ OPERA,COMIC,MET,ROCK,SOAP
2023-10-09,Easiest,Yellow,CROPS,CORN,CUCUMBER,PEPPER,TOMATO
2023-10-09,Easy,Green,SLANG FOR HEAD,CROWN,DOME,MELON,NOODLE
2023-10-09,Medium,Blue,SONG,CUT,NUMBER,SINGLE,TRACK
2023-10-09,Hard,Purple,THINGS THAT WHISTLE,BIRD,KETTLE,REFEREE,TRAIN
2023-10-10,Easiest,Yellow,ORIGIN,GENESIS,GERM,SEED,SOURCE
2023-10-10,Easy,Green,BIBLE BOOKS,ACTS,JOB,KINGS,MARK
2023-10-10,Medium,Blue,N.H.L. TEAMS,FLAMES,KRAKEN,STARS,WILD
2023-10-10,Hard,Purple,POWER ___,NAP,PLANT,RANGER,TRIP
2023-10-11,Easiest,Yellow,FILM SET DIRECTIVES,ACTION,CAMERA,CUT,LIGHTS
2023-10-11,Easy,Green,CONDITIONAL WORDS,CAN,COULD,MAY,MIGHT
2023-10-11,Medium,Blue,FOREMOST,HEAD,LEAD,PRIME,TOP
2023-10-11,Hard,Purple,___ PAPER,BUTCHER,SCRAP,TOILET,WAX
2023-10-12,Easiest,Yellow,CONCEAL,BLOCK,COVER,HIDE,MASK
2023-10-12,Easy,Green,PARTS OF A WATCH,CROWN,DIAL,HAND,STRAP
2023-10-12,Medium,Blue,WONDER WOMAN’S COSTUME,LASSO,SHIELD,SWORD,TIARA
2023-10-12,Hard,Purple,THINGS THAT CAN RUN,CANDIDATE,FAUCET,MASCARA,NOSE
2023-10-13,Easiest,Yellow,BEANS,FAVA,KIDNEY,LIMA,PINTO
2023-10-13,Easy,Green,CITIES BEGINNING WITH “L”,LAGOS,LIMERICK,LINCOLN,LUXOR
2023-10-13,Medium,Blue,POETRY TERMS,LINE,METER,RHYME,VERSE
2023-10-13,Hard,Purple,“THE(E) ___” RAPPERS,CREATOR,DUDE,RAPPER,STALLION
2023-10-14,Easiest,Yellow,BUTT,BOTTOM,BUNS,SEAT,TAIL
2023-10-14,Easy,Green,ROTARY PHONE PARTS,CORD,CRADLE,DIAL,HANDSET
2023-10-14,Medium,Blue,SLANG FOR HOME,CRIB,DIGS,JOINT,PAD
2023-10-14,Hard,Purple,PLUNDER,BOOTY,LOOT,SPOILS,SWAG
2023-10-15,Easiest,Yellow,TOOLS,FILE,HAMMER,LEVEL,SAW
2023-10-15,Easy,Green,PULL,JERK,TUG,WRENCH,YANK
2023-10-15,Medium,Blue,SHORTCUT COMMANDS,COPY,FIND,PRINT,SAVE
2023-10-15,Hard,Purple,TITLE MOVIE ANIMALS,BABE,BEETHOVEN,CHARLOTTE,WILLY
2023-10-16,Easiest,Yellow,DAYS OF THE WEEK,FRIDAY,SATURDAY,SUNDAY,THURSDAY
2023-10-16,Easy,Green,GO BAD,ROT,SOUR,SPOIL,TURN
2023-10-16,Medium,Blue,“THE ADDAMS FAMILY” CHARACTERS,FESTER,LURCH,THING,WEDNESDAY
2023-10-16,Hard,Purple,FAT ___,CAT,CHANCE,LIP,TUESDAY
2023-10-17,Easiest,Yellow,TAUNTS,BOO,HISS,JEER,RASPBERRY
2023-10-17,Easy,Green,FAILURE,BOMB,DUD,FLOP,LEMON
2023-10-17,Medium,Blue,RUDELY BREAK OFF CONTACT,DESERT,GHOST,IGNORE,JILT
2023-10-17,Hard,Purple,ROCK ___,BOTTOM,CANDY,GARDEN,STAR
2023-10-18,Easiest,Yellow,SOMETHING TIRESOME,BORE,DRAG,SNOOZE,YAWN
2023-10-18,Easy,Green,BIT OF WIND,BREEZE,DRAFT,GUST,PUFF
2023-10-18,Medium,Blue,PIQUANCY,BITE,KICK,TANG,ZIP
2023-10-18,Hard,Purple,SINGULAR OF THINGS SEEN IN PAIRS,BOXER,GOGGLE,PANT,TONG
2023-10-19,Easiest,Yellow,FALSIFY,FABRICATE,FAKE,FIX,FORGE
2023-10-19,Easy,Green,MILD OATHS,FIDDLESTICKS,FIE,FRICK,FUDGE
2023-10-19,Medium,Blue,TV SHOWS,FARGO,FIREFLY,FLEABAG,FLIPPER
2023-10-19,Hard,Purple,FAST ___,FASHION,FOOD,FORWARD,FRIENDS
2023-10-20,Easiest,Yellow,ANIMAL HOMES,DEN,HIVE,LAIR,NEST
2023-10-20,Easy,Green,VIRTUAL SPACES,CLOUD,METAVERSE,NET,WEB
2023-10-20,Medium,Blue,EQUITABLE,EQUAL,EVEN,FAIR,JUST
2023-10-20,Hard,Purple,___ BURGER,GOOD,IMPOSSIBLE,NOTHING,WARREN
2023-10-21,Easiest,Yellow,TABLEWARE,BOWL,DISH,PLATE,SAUCER
2023-10-21,Easy,Green,NONSENSE,BALONEY,BUNK,CROCK,TRIPE
2023-10-21,Medium,Blue,BRA PARTS,CUP,HOOK,STRAP,WIRE
2023-10-21,Hard,Purple,ACRONYMS,LASER,RADAR,SCUBA,SPAM
2023-10-22,Easiest,Yellow,RELAX,CHILL,HANG,LOAF,LOUNGE
2023-10-22,Easy,Green,CATCHY SONG,BANGER,BOP,GROOVE,JAM
2023-10-22,Medium,Blue,BRITISH CUISINE,MASH,ROAST,SCONE,TRIFLE
2023-10-22,Hard,Purple,STICKY SITUATION,BIND,PICKLE,SCRAPE,SPOT
2023-10-23,Easiest,Yellow,CELL PHONE MODES,FOCUS,RING,SILENT,VIBRATE
2023-10-23,Easy,Green,IMPEL,DRIVE,INSPIRE,MOTIVATE,SPUR
2023-10-23,Medium,Blue,ROMANTIC BEGINNINGS,CONNECTION,FEELINGS,SPARK,VIBE
2023-10-23,Hard,Purple,HARD ___,CANDY,COPY,KNOCKS,SELTZER
2023-10-24,Easiest,Yellow,ANIMAL GROUPS,COLONY,HERD,PRIDE,SCHOOL
2023-10-24,Easy,Green,SMALL OPENING,CRANNY,NICHE,NOOK,RECESS
2023-10-24,Medium,Blue,PARADIGMATIC,CLASSIC,DEFINITIVE,MODEL,TEXTBOOK
2023-10-24,Hard,Purple,RHYMING COMPOUND WORDS,BACKPACK,BIGWIG,DOWNTOWN,RAGTAG
2023-10-25,Easiest,Yellow,GRAMMAR TENSE TERMS,FUTURE,PAST,PERFECT,PRESENT
2023-10-25,Easy,Green,“GRACIOUS ME!”,GOODNESS,HEAVENS,LORD,MERCY
2023-10-25,Medium,Blue,12 DAYS OF CHRISTMAS,DRUMMER,LADY,RING,SWAN
2023-10-25,Hard,Purple,___ SYRUP,CORN,COUGH,MAPLE,SIMPLE
2023-10-26,Easiest,Yellow,INCREASE,BUILD,GROW,SWELL,MOUNT
2023-10-26,Easy,Green,EXCELLENT IN OLD SLANG,ACES,KEEN,NEATO,NIFTY
2023-10-26,Medium,Blue,FINE BUBBLES,FOAM,FROTH,HEAD,LATHER
2023-10-26,Hard,Purple,SPHERICAL THINGS,BUBBLE,GLOBE,MARBLE,PEARL
2023-10-27,Easiest,Yellow,SHAMELESS BOLDNESS,BRASS,CHEEK,GALL,NERVE
2023-10-27,Easy,Green,METAL ELEMENTS,COPPER,GOLD,NICKEL,SILVER
2023-10-27,Medium,Blue,W.N.B.A. TEAMS,MERCURY,SKY,SPARKS,LIBERTY
2023-10-27,Hard,Purple,THINGS WITH TRUNKS,CARS,ELEPHANTS,SWIMMERS,TREES
2023-10-28,Easiest,Yellow,SENSES,SIGHT,SMELL,TASTE,TOUCH
2023-10-28,Easy,Green,APPEARANCE,DRESS,LOOK,MANNER,STYLE
2023-10-28,Medium,Blue,“AGREE!”,DITTO,LIKEWISE,SAME,SECOND
2023-10-28,Hard,Purple,___ MOON,BLUE,HARVEST,NEW,SAILOR
2023-10-29,Easiest,Yellow,MISHMASH,HASH,JUMBLE,MEDLEY,STEW
2023-10-29,Easy,Green,GO UP AGAINST,CHALLENGE,CONFRONT,FACE,OPPOSE
2023-10-29,Medium,Blue,GROUP OF OFFSPRING,BROOD,CLUTCH,HATCH,LITTER
2023-10-29,Hard,Purple,GUITAR PARTS,BODY,BRIDGE,FRET,NECK
2023-10-30,Easiest,Yellow,BIRD FEATURES,BEAK,FEATHER,TALON,WING
2023-10-30,Easy,Green,BLINK OF AN EYE,FLASH,HEARTBEAT,SECOND,WINK
2023-10-30,Medium,Blue,MAHJONG TILES,BAMBOO,DRAGON,SEASON,WIND
2023-10-30,Hard,Purple,___ BUTTON,BELLY,HOT,PANIC,SNOOZE
2023-10-31,Easiest,Yellow,FLOWERS,DAISY,ROSE,TULIP,VIOLET
2023-10-31,Easy,Green,SEEN ON A FARM,BARN,CHICKEN,FARMER,TRACTOR
2023-10-31,Medium,Blue,HORROR DIRECTORS,ASTER,CARPENTER,CRAVEN,WAN
2023-10-31,Hard,Purple,___ JACKET,DUST,LIFE,SPORTS,YELLOW
2023-11-01,Easiest,Yellow,SOCIAL MEDIA ACTIONS,FOLLOW,LIKE,SHARE,SUBSCRIBE
2023-11-01,Easy,Green,USE A NEEDLE AND THREAD,DARN,HEM,SEAM,SEW
2023-11-01,Medium,Blue,SHOWS SET IN HOSPITALS,ER,HOUSE,RATCHED,SCRUBS
2023-11-01,Hard,Purple,EXPRESSIONS OF HESITATION,ERM,UH,UM,WELL
2023-11-02,Easiest,Yellow,IGNITE,BURN,KINDLE,LIGHT,TORCH
2023-11-02,Easy,Green,INFORMATION,DATA,INFO,INTEL,NEWS
2023-11-02,Medium,Blue,SMALL WOODED AREA,DELL,GLEN,HOLLOW,VALLEY
2023-11-02,Hard,Purple,THINGS WITH CORES,APPLE,COMPUTER,PLANET,REACTOR
2023-11-03,Easiest,Yellow,NEVERTHELESS,HOWEVER,STILL,THOUGH,YET
2023-11-03,Easy,Green,REPEATED WORDS IN EXPRESSIONS,HEAR,KNOCK,THERE,TUT
2023-11-03,Medium,Blue,WORDS ABBREVIATED WITH LETTERS,ARE,SEE,WHY,YOU
2023-11-03,Hard,Purple,ROYAL ___,FAMILY,FLUSH,JELLY,WE
2023-11-04,Easiest,Yellow,WAYS TO PREPARE,DRILL,PRACTICE,STUDY,TRAIN
2023-11-04,Easy,Green,HOLLOW CYLINDERS,HOSE,PIPE,STRAW,TUBE
2023-11-04,Medium,Blue,WEAPONS IN THE GAME CLUE,CANDLESTICK,KNIFE,ROPE,WRENCH
2023-11-04,Hard,Purple,“E-” THINGS,CIGARETTE,BIKE,TICKET,SPORTS
2023-11-05,Easiest,Yellow,UNCHANGING,EVEN,LEVEL,STABLE,STEADY
2023-11-05,Easy,Green,LONG SHARP OBJECTS,LANCE,PIN,SKEWER,SPIT
2023-11-05,Medium,Blue,MUSIC PUBLICATIONS,BILLBOARD,PITCHFORK,ROLLING STONE,SPIN
2023-11-05,Hard,Purple,WORDS WITH NUMERICAL PREFIXES,UNIFORM,BICYCLE,TRILOGY,QUADRANT
2023-11-06,Easiest,Yellow,INVESTMENTS,BOND,CD,OPTION,STOCK
2023-11-06,Easy,Green,TERMS FOR RECORDS,LP,PLATTER,VINYL,WAX
2023-11-06,Medium,Blue,CUBE-SHAPED,BOUILLON,DIE,ICE,SUGAR
2023-11-06,Hard,Purple,WORDS THAT GO WITH “BONE”,FUNNY,HERRING,SOUP,WISH
2023-11-07,Easiest,Yellow,DIGITAL NOTIFICATION SOUNDS,CHIME,DING,PING,RING
2023-11-07,Easy,Green,TATTLE,RAT,SING,SNITCH,SQUEAL
2023-11-07,Medium,Blue,GROUP WITHIN A GROUP,CAMP,DIVISION,FACTION,WING
2023-11-07,Hard,Purple,MICROSOFT PRODUCTS,BING,EDGE,SURFACE,WORD
2023-11-08,Easiest,Yellow,BROUGHT TO THE BEACH,FLIP,FLOP,SUNSCREEN,TOWEL
2023-11-08,Easy,Green,TYPES OF FRENCH FRIES,CURLY,SHOESTRING,WAFFLE,WEDGE
2023-11-08,Medium,Blue,EQUIVOCATE,HEDGE,SEE,SAW,WAVER
2023-11-08,Hard,Purple,SECOND WORDS OF VODKA COCKTAILS,BREEZE,MARY,MULE,RUSSIAN
2023-11-09,Easiest,Yellow,DOCTORS’ ORDERS,DIET,EXERCISE,FRESH AIR,SLEEP
2023-11-09,Easy,Green,EMAIL ACTIONS,COMPOSE,FORWARD,REPLY ALL,SEND
2023-11-09,Medium,Blue,PODCASTS,RADIOLAB,SERIAL,UP FIRST,WTF
2023-11-09,Hard,Purple,___ COMEDY,BLACK,DIVINE,PROP,SKETCH
2023-11-10,Easiest,Yellow,SPICES,ANISE,DILL,NUTMEG,SAGE
2023-11-10,Easy,Green,INTELLIGENT,BRIGHT,QUICK,SHARP,SMART
2023-11-10,Medium,Blue,DEODORANTS,AXE,DEGREE,OLD SPICE,SECRET
2023-11-10,Hard,Purple,MEDIEVAL WEAPONS,CLUB,MACE,SPEAR,SWORD
2023-11-11,Easiest,Yellow,SPARSE/LACKING,LIGHT,SHORT,SPARE,THIN
2023-11-11,Easy,Green,FUN TIME,BALL,BLAST,KICK,RIOT
2023-11-11,Medium,Blue,FILMMAKING EQUIPMENT,BOOM,DOLLY,LENS,TRIPOD
2023-11-11,Hard,Purple,“GET A ___!”,CLUE,GRIP,LIFE,ROOM
2023-11-12,Easiest,Yellow,PRESIDENTS,FORD,GRANT,LINCOLN,WILSON
2023-11-12,Easy,Green,SPORTS PROFESSIONALS,COACH,GM,PLAYER,SCOUT
2023-11-12,Medium,Blue,CAR COMPANIES,BMW,HONDA,JAGUAR,SUBARU
2023-11-12,Hard,Purple,COMMON PREFIXES,AUTO,POST,SEMI,SUB
2023-11-13,Easiest,Yellow,UNIT OF LANGUAGE,LETTER,PARAGRAPH,SENTENCE,WORD
2023-11-13,Easy,Green,TRADEMARK,FEATURE,HALLMARK,STAMP,TRAIT
2023-11-13,Medium,Blue,FUNNY PERSON,CARD,CLOWN,CUTUP,JOKER
2023-11-13,Hard,Purple,THINGS WITH LEAVES,BOOK,TABLE,TEA,TREE
2023-11-14,Easiest,Yellow,BASIC EMOTIONS,ANGER,FEAR,HAPPINESS,SURPRISE
2023-11-14,Easy,Green,BIT OF VOCAL FANFARE,BEHOLD,PRESTO,TADA,VOILA
2023-11-14,Medium,Blue,OBTAIN,GET,LAND,SECURE,WIN
2023-11-14,Hard,Purple,___ ANT,ADAM,CARPENTER,FIRE,RED
2023-11-15,Easiest,Yellow,“GROSS!”,EW,ICK,PU,UGH
2023-11-15,Easy,Green,MAGAZINES,O,OK,US,W
2023-11-15,Medium,Blue,“YES” IN DIFFERENT LANGUAGES,HAI,JA,SI,DA
2023-11-15,Hard,Purple,HOMOPHONES,OUI,WE,WEE,WII
2023-11-16,Easiest,Yellow,BALDERDASH,BULL,HOGWASH,NONSENSE,ROT
2023-11-16,Easy,Green,HELM,DIRECT,GUIDE,LEAD,STEER
2023-11-16,Medium,Blue,SINGLE/PLURAL ANIMALS,BUFFALO,DEER,FISH,MOOSE
2023-11-16,Hard,Purple,GREAT ___,DANE,LAKE,SEAL,WHITE
2023-11-17,Easiest,Yellow,BODYWEIGHT EXERCISES,DIPS,LUNGES,PLANKS,SQUATS
2023-11-17,Easy,Green,EMAIL SIGN-OFFS,BEST,CHEERS,REGARDS,THANKS
2023-11-17,Medium,Blue,M.L.B. TEAMS FOR SHORT,CARDS,JAYS,NATS,YANKS
2023-11-17,Hard,Purple,ELIZABETHS (AND ONE ELISABETH),BANKS,MOSS,TAYLOR,WARREN
2023-11-18,Easiest,Yellow,QUICK PEEK,GANDER,GLANCE,GLIMPSE,LOOK
2023-11-18,Easy,Green,DECEIT,ACT,BLUFF,CHARADE,FRONT
2023-11-18,Medium,Blue,PARTS OF A MOUNTAIN,CLIFF,CRAG,LEDGE,RIDGE
2023-11-18,Hard,Purple,HOMOPHONES,PEAK,PEEK,PEKE,PIQUE
2023-11-19,Easiest,Yellow,ONSET,BIRTH,CREATION,DAWN,START
2023-11-19,Easy,Green,VENERABLE,AUGUST,GRAND,NOBLE,REGAL
2023-11-19,Medium,Blue,WALK,MARCH,STEP,STRIDE,TREAD
2023-11-19,Hard,Purple,___ DAY HOLIDAYS,EARTH,GROUNDHOG,LABOR,MAY
2023-11-20,Easiest,Yellow,RELIGIOUS FIGURES,CARDINAL,LAMA,MONK,PASTOR
2023-11-20,Easy,Green,PRIMATES,BABOON,BONOBO,GIBBON,GORILLA
2023-11-20,Medium,Blue,CHUTNEY VARIETIES,MANGO,MINT,TAMARIND,TOMATO
2023-11-20,Hard,Purple,IMITATE,APE,MIME,MIRROR,PARROT
2023-11-21,Easiest,Yellow,TYPES OF TEETH,CANINE,FANG,MOLAR,TUSK
2023-11-21,Easy,Green,FASHIONABLE,CHIC,HIP,HOT,IN
2023-11-21,Medium,Blue,DANCE MOVES,FLOSS,ROBOT,VOGUE,WORM
2023-11-21,Hard,Purple,THINGS THAT SUCK,LEECH,STRAW,VACUUM,VAMPIRE
2023-11-22,Easiest,Yellow,AREAS BETWEEN MOUNTAINS AND HILLS,CANYON,GULCH,PASS,RAVINE
2023-11-22,Easy,Green,EAT VORACIOUSLY,GORGE,GULP,SCARF,WOLF
2023-11-22,Medium,Blue,FEATURED IN “SNOW WHITE”,APPLE,BASHFUL,MIRROR,QUEEN
2023-11-22,Hard,Purple,“C” + BIRD,CHEN,CLARK,COWL,CRAVEN
2023-11-23,Easiest,Yellow,FOODS WITH CRUSTS,PASTY,PIE,TART,TURNOVER
2023-11-23,Easy,Green,ENDING IN A SILENT “T”,BOUQUET,PARFAIT,RAGOUT,RAPPORT
2023-11-23,Medium,Blue,COUNTRIES WITH RED AND WHITE FLAGS,JAPAN,POLAND,TUNISIA,TURKEY
2023-11-23,Hard,Purple,N.B.A. GREATS,BIRD,CURRY,JAMES,JORDAN
2023-11-24,Easiest,Yellow,CRITICIZE,KNOCK,PAN,ROAST,SLAM
2023-11-24,Easy,Green,REALITY SHOWS,ALONE,CATFISH,CHOPPED,SURVIVOR
2023-11-24,Medium,Blue,CAR BRANDS,FIAT,JAGUAR,MINI,RAM
2023-11-24,Hard,Purple,___ PAD,BACHELOR,LILY,MAXI,MOUSE
2023-11-25,Easiest,Yellow,SECLUDED,HIDDEN,PRIVATE,REMOTE,SECRET
2023-11-25,Easy,Green,AGGREGATE SIZE,AMOUNT,NUMBER,QUANTITY,VOLUME
2023-11-25,Medium,Blue,BODIES OF WATER,CANAL,CHANNEL,SOUND,STRAIT
2023-11-25,Hard,Purple,READS THE SAME ROTATED 180°,96,MOW,NOON,SIS
2023-11-26,Easiest,Yellow,MUNICIPALITIES,CITY,COUNTY,TOWN,VILLAGE
2023-11-26,Easy,Green,BLENDER BUTTONS,CHOP,GRIND,PULSE,PUREE
2023-11-26,Medium,Blue,FINANCIAL TERMS,CAPITAL,EQUITY,INTEREST,STOCK
2023-11-26,Hard,Purple,___ LEAGUE,IVY,JUSTICE,LITTLE,PREMIER
2023-11-27,Easiest,Yellow,CARRY A TUNE,HUM,SING,SCAT,WHISTLE
2023-11-27,Easy,Green,WHOLE AMOUNT,COUNT,GROSS,SUM,TOTAL
2023-11-27,Medium,Blue,MOJITO INGREDIENTS,LIME,MINT,RUM,SODA
2023-11-27,Hard,Purple,THINGS THAT ARE “STICKY”,GLUE,GUM,TAPE,STICK
2023-11-28,Easiest,Yellow,ROOMS IN A HOUSE,BEDROOM,DEN,KITCHEN,STUDY
2023-11-28,Easy,Green,LAND SURROUNDED BY WATER,ATOLL,BAR,ISLAND,KEY
2023-11-28,Medium,Blue,FILL TO EXCESS,CRAM,JAM,PACK,STUFF
2023-11-28,Hard,Purple,BEAN ___,BAG,COUNTER,DIP,SPROUT
2023-11-29,Easiest,Yellow,FOOT PARTS,ARCH,BALL,SOLE,TOE
2023-11-29,Easy,Green,MUSICAL INSTRUMENTS,BASS,HARP,HORN,ORGAN
2023-11-29,Medium,Blue,DOG COMMANDS,COME,DOWN,SIT,STAY
2023-11-29,Hard,Purple,BADDIE,DOG,HEEL,JERK,SNAKE
2023-11-30,Easiest,Yellow,AVOID,DODGE,DUCK,ESCAPE,SKIRT
2023-11-30,Easy,Green,HITCHCOCK MOVIES,BIRDS,NOTORIOUS,REBECCA,ROPE
2023-11-30,Medium,Blue,SIDEKICKS,GOOSE,HOBBES,ROBIN,WATSON
2023-11-30,Hard,Purple,___ CHEESE,COTTAGE,CREAM,SAY,STRING
2023-12-01,Easiest,Yellow,PLACES TO SHOP,MALL,MARKET,OUTLET,STORE
2023-12-01,Easy,Green,WAYS TO REMOVE HAIR,SHAVE,THREAD,TWEEZE,WAX
2023-12-01,Medium,Blue,PORTION OF PROFIT,CUT,PIECE,SHARE,TAKE
2023-12-01,Hard,Purple,KINDS OF WRENCHES,ALLEN,CRESCENT,MONKEY,SOCKET
2023-12-02,Easiest,Yellow,CONTAINERS,BASKET,BIN,CHEST,HAMPER
2023-12-02,Easy,Green,CIRCULAR SHAPES,BAND,CIRCLE,HOOP,RING
2023-12-02,Medium,Blue,RESTRICT,CAP,CHECK,CURB,LIMIT
2023-12-02,Hard,Purple,___ JAM,NBA,PAPER,PEARL,TRAFFIC
2023-12-03,Easiest,Yellow,MONTHLY BILLS,CABLE,ELECTRIC,GAS,WATER
2023-12-03,Easy,Green,RELATED TO SOUND/HEARING,ACOUSTIC,AUDITORY,HEARD,SONIC
2023-12-03,Medium,Blue,CONNECT,COUPLE,HITCH,LINK,TIE
2023-12-03,Hard,Purple,EXCITE WITH “UP”,AMP,FIRE,HYPE,PUMP
2023-12-04,Easiest,Yellow,UNIT OF BREAD,BAGUETTE,BUN,LOAF,ROLL
2023-12-04,Easy,Green,ASSURE AS A WIN,CLINCH,GUARANTEE,LOCK,SECURE
2023-12-04,Medium,Blue,SMALL IMPERFECTION,CHIP,MARK,NICK,SCRATCH
2023-12-04,Hard,Purple,HEAD OF ___,HAIR,LETTUCE,STATE,STEAM
2023-12-05,Easiest,Yellow,ENORMOUS,BIG,GIANT,GREAT,HUGE
2023-12-05,Easy,Green,BOOKSTORE SECTIONS,FICTION,HUMOR,POETRY,TRAVEL
2023-12-05,Medium,Blue,TV SHOWS WITH HAPPY-SOUNDING NAMES,CHEERS,EUPHORIA,FELICITY,GLEE
2023-12-05,Hard,Purple,___ CRANE,CONSTRUCTION,FRASIER,PAPER,WHOOPING
2023-12-06,Easiest,Yellow,FOUND ON SHEET MUSIC,CLEF,NOTE,REST,STAFF
2023-12-06,Easy,Green,ZODIAC SYMBOLS,BULL,CRAB,SCALES,TWINS
2023-12-06,Medium,Blue,RECORD LABELS,CAPITOL,COLUMBIA,VIRGIN,ISLAND
2023-12-06,Hard,Purple,ZODIAC SIGN BEGINNINGS,CAN,GEM,LIB,TAU
2023-12-07,Easiest,Yellow,STATE ABBREVIATIONS,HI,LA,MA,OK
2023-12-07,Easy,Green,CABLE CHANNELS,BET,E,HALLMARK,USA
2023-12-07,Medium,Blue,IN THE NATO ALPHABET,ALFA,BRAVO,ROMEO,TANGO
2023-12-07,Hard,Purple,___-___,BOO,POM,TOM,YO
2023-12-08,Easiest,Yellow,DECLINE,EBB,FADE,FLAG,WANE
2023-12-08,Easy,Green,ABSOLUTE,PURE,SHEER,TOTAL,UTTER
2023-12-08,Medium,Blue,EXPRESS,AIR,SPEAK,STATE,VOICE
2023-12-08,Hard,Purple,SUPERHERO LAST NAMES,BANNER,PRINCE,STARK,WAYNE
2023-12-09,Easiest,Yellow,ICE CREAM TREATS,FLOAT,SHAKE,SPLIT,SUNDAE
2023-12-09,Easy,Green,HARDWARE FASTENERS,BOLT,NAIL,RIVET,SCREW
2023-12-09,Medium,Blue,KINDS OF COOKING OIL,CORN,OLIVE,PALM,PEANUT
2023-12-09,Hard,Purple,STICKY ___,FINGERS,NOTE,RICE,WICKET
2023-12-10,Easiest,Yellow,PARTS OF A RIVER,BANK,BED,DELTA,MOUTH
2023-12-10,Easy,Green,SOMETHING EASY TO DO,BREEZE,CINCH,PICNIC,SNAP
2023-12-10,Medium,Blue,WRAP AROUND IN A CIRCLE,COIL,SPIRAL,TWIST,WIND
2023-12-10,Hard,Purple,JUMP INTO THE AIR,BOUND,LEAP,SPRING,VAULT
2023-12-11,Easiest,Yellow,LUXURIOUS FABRICS,CHIFFON,SATIN,SILK,VELVET
2023-12-11,Easy,Green,COME DOWN TO REST,PERCH,ROOST,SETTLE,LAND
2023-12-11,Medium,Blue,SHOE PARTS,EYELET,LACE,SOLE,TONGUE
2023-12-11,Hard,Purple,THINGS THAT ARE DELIVERED,BABY,BLOW,PACKAGE,SPEECH
2023-12-12,Easiest,Yellow,MURKY CONDITION,CLOUD,FOG,HAZE,MIST
2023-12-12,Easy,Green,FOLLOW,SHADOW,TAIL,TRACK,TRAIL
2023-12-12,Medium,Blue,PINBALL MACHINE COMPONENTS,BALL,BUMPER,FLIPPER,PLUNGER
2023-12-12,Hard,Purple,___LAND COUNTRIES,ICE,IRE,FIN,NETHER
2023-12-13,Easiest,Yellow,GOLF COURSE PARTS,BUNKER,FAIRWAY,GREEN,ROUGH
2023-12-13,Easy,Green,“I GIVE!”,ENOUGH,MERCY,STOP,UNCLE
2023-12-13,Medium,Blue,INDECENT,BAWDY,BLUE,COARSE,RISQUE
2023-12-13,Hard,Purple,”-OUGH” WORDS THAT DON’T RHYME,BOUGH,COUGH,DOUGH,TOUGH
2023-12-14,Easiest,Yellow,PESTER,BADGER,BUG,HOUND,NAG
2023-12-14,Easy,Green,SPORTS VENUES,ARENA,BOWL,DOME,FIELD
2023-12-14,Medium,Blue,SEPARATE,DIVIDE,FORK,PART,SPLIT
2023-12-14,Hard,Purple,SILVER ___,FOX,LINING,SCREEN,SPOON
2023-12-15,Easiest,Yellow,CURMUDGEON,CRAB,CRANK,GROUCH,GRUMP
2023-12-15,Easy,Green,GET LOW,CROUCH,DUCK,SQUAT,STOOP
2023-12-15,Medium,Blue,NATIONAL SYMBOLS,ANTHEM,FLAG,MOTTO,SEAL
2023-12-15,Hard,Purple,SWINDLER,CHEAT,CROOK,QUACK,SHARK
2023-12-16,Easiest,Yellow,FARM TOOLS,HOE,PLOW,RAKE,SICKLE
2023-12-16,Easy,Green,SCHEME,PLOT,PLOY,RUSE,TRICK
2023-12-16,Medium,Blue,MAKE HAPPY,AMUSE,DELIGHT,PLEASE,TICKLE
2023-12-16,Hard,Purple,ONOMATOPOEIA,BANG,PLOP,SPLASH,THUD
2023-12-17,Easiest,Yellow,RESERVE FOR LATER,BANK,SAVE,STASH,STORE
2023-12-17,Easy,Green,BOLDNESS FIGURATIVELY,GALL,GUTS,NERVE,STONES
2023-12-17,Medium,Blue,USED TO BUILD A SNOWMAN,CARROT,COAL,SNOW,STICKS
2023-12-17,Hard,Purple,FUNNY ___,BONE,BUSINESS,GIRL,PAGES
2023-12-18,Easiest,Yellow,BRIEF MOMENT,FLASH,JIFFY,SECOND,WINK
2023-12-18,Easy,Green,PRIMARY,CHIEF,FIRST,MAIN,PRINCIPAL
2023-12-18,Medium,Blue,AVENUES IN N.Y.C.,BROADWAY,FIFTH,MADISON,PARK
2023-12-18,Hard,Purple,___ HOUR,AMATEUR,ELEVENTH,HAPPY,RUSH
2023-12-19,Easiest,Yellow,ACCESSORIES,BELT,BRACELET,TIE,WATCH
2023-12-19,Easy,Green,COMEDIAN’S OUTPUT,BIT,JOKE,ROUTINE,SKETCH
2023-12-19,Medium,Blue,ATTRACTION,APPEAL,CHARM,DRAW,PULL
2023-12-19,Hard,Purple,TWO LETTERS + NUMBER,CANINE,FREIGHT,OFTEN,STONE
2023-12-20,Easiest,Yellow,CONTACT VIA PHONE,BUZZ,CALL,DIAL,RING
2023-12-20,Easy,Green,BOOK SECTIONS,APPENDIX,CHAPTER,INDEX,PREFACE
2023-12-20,Medium,Blue,WEE,DINKY,LITTLE,MINUTE,SLIGHT
2023-12-20,Hard,Purple,CARTOON MICE,ITCHY,JERRY,PINKY,SPEEDY
2023-12-21,Easiest,Yellow,SEEN IN A LAUNDRY ROOM,DRYER,HAMPER,IRON,WASHER
2023-12-21,Easy,Green,SHEPHERD,DIRECT,GUIDE,LEAD,STEER
2023-12-21,Medium,Blue,WHAT “I” MIGHT MEAN,IODINE,IOTA,MYSELF,ONE
2023-12-21,Hard,Purple,___ VALLEY,DEATH,HIDDEN,SILICON,UNCANNY
2023-12-22,Easiest,Yellow,CLASSIC HALLOWEEN COSTUMES,ANGEL,CLOWN,PIRATE,WITCH
2023-12-22,Easy,Green,BEE CREATIONS,COMB,HIVE,HONEY,WAX
2023-12-22,Medium,Blue,INTERVAL OF TIME,PERIOD,SPELL,STRETCH,WHILE
2023-12-22,Hard,Purple,ANIMAL HOMOPHONES,DEAR,HAIR,HOARSE,WAIL
2023-12-23,Easiest,Yellow,MEANS OF TRANSPORTATION,BOAT,CAR,PLANE,TRAIN
2023-12-23,Easy,Green,WILLING TO PARTICIPATE,DOWN,GAME,IN,ON BOARD
2023-12-23,Medium,Blue,LITTLE BIT IN A RECIPE,DASH,DROP,PINCH,SPLASH
2023-12-23,Hard,Purple,___BERRY [note no space],BLUE,GOOSE,RASP,STRAW
2023-12-24,Easiest,Yellow,GENTLE,LIGHT,MELLOW,MILD,SOFT
2023-12-24,Easy,Green,CUTS OF PORK,BELLY,CHOP,HOCK,SHOULDER
2023-12-24,Medium,Blue,STATUE OF LIBERTY FEATURES,CROWN,ROBE,TABLET,TORCH
2023-12-24,Hard,Purple,THINGS TO BLOW ON FOR WISHES/LUCK,CANDLE,DANDELION,DICE,EYELASH
2023-12-25,Easiest,Yellow,DARLING,BABY,BOO,DEAR,LOVE
2023-12-25,Easy,Green,BASIC GEOMETRIC OBJECTS,LINE,POINT,RAY,SEGMENT
2023-12-25,Medium,Blue,OOMPH,ENERGY,FIRE,JUICE,ZIP
2023-12-25,Hard,Purple,SECRET ___,AGENT,CODE,SANTA,SAUCE
2023-12-26,Easiest,Yellow,ROAD NAMES,ALLEY,DRIVE,LANE,STREET
2023-12-26,Easy,Green,PAPER IN A BOOK,FOLIO,LEAF,PAGE,SHEET
2023-12-26,Medium,Blue,RESTRAIN,CHECK,CURB,LIMIT,STEM
2023-12-26,Hard,Purple,THINGS YOU CAN DO TO YOUR NOSE,BLOW,HOLD,PICK,THUMB
2023-12-27,Easiest,Yellow,INDICATION OF THINGS TO COME,MESSAGE,OMEN,SIGN,WARNING
2023-12-27,Easy,Green,NAME PREFIXES,GEN,MS,PROF,REV
2023-12-27,Medium,Blue,ART MEDIUMS,CHARCOAL,INK,PAINT,PASTEL
2023-12-27,Hard,Purple,___ PEPPER,BELL,BLACK,DR,GHOST
2023-12-28,Easiest,Yellow,PARTS OF A CAR,BUMPER,HOOD,TIRE,TRUNK
2023-12-28,Easy,Green,MOVE QUICKLY,BOLT,DART,DASH,ZIP
2023-12-28,Medium,Blue,BIRDS,CARDINAL,JAY,LARK,SWIFT
2023-12-28,Hard,Purple,JAZZ LEGENDS,HANCOCK,HOLIDAY,MONK,PARKER
2023-12-29,Easiest,Yellow,SHIRTS,CROP,POLO,TANK,TEE
2023-12-29,Easy,Green,COOL IN ’80S SLANG,BAD,FLY,FRESH,RAD
2023-12-29,Medium,Blue,LETTER SPELLINGS,BEE,EX,GEE,JAY
2023-12-29,Hard,Purple,___ GEORGE,BOY,BY,CURIOUS,SAINT
2023-12-30,Easiest,Yellow,BLACK-AND-WHITE ANIMALS,ORCA,PANDA,SKUNK,ZEBRA
2023-12-30,Easy,Green,SEQUENCE,CHAIN,SERIES,STRING,TRAIN
2023-12-30,Medium,Blue,HETERONYMS,BASS,DOVE,DESERT,WIND
2023-12-30,Hard,Purple,___ TRAP,BEAR,SAND,SPEED,TOURIST
2023-12-31,Easiest,Yellow,ORGANIZATION,CLUB,GROUP,PARTY,TEAM
2023-12-31,Easy,Green,SHARPNESS AS OF AN IMAGE,CLARITY,DEFINITION,DETAIL,RESOLUTION
2023-12-31,Medium,Blue,PLACES IN FRANCE,CHAMPAGNE,DIJON,NICE,TOURS
2023-12-31,Hard,Purple,HAPPY NEW YEAR!,BALL,COUNTDOWN,FIREWORKS,KISS
2024-01-01,Easiest,Yellow,GARDENING NOUNS/VERBS,PLANT,SEED,WATER,WEED
2024-01-01,Easy,Green,KINDS OF SALADS,CAESAR,GREEK,GREEN,WEDGE
2024-01-01,Medium,Blue,CLASSIC GAME SHOWS FAMILIARLY,FEUD,MILLIONAIRE,PYRAMID,WHEEL
2024-01-01,Hard,Purple,W + VOWEL SOUND,WAY,WEE,WHY,WHOA
2024-01-02,Easiest,Yellow,B.L.T. INGREDIENTS,BREAD,BACON,LETTUCE,TOMATO
2024-01-02,Easy,Green,OBSTRUCT,BLOCK,CLOG,JAM,STOP
2024-01-02,Medium,Blue,BASEBALL STATS,DOUBLE,HIT,RUN,WALK
2024-01-02,Hard,Purple,SMALL ___,FRY,TALK,WONDER,WORLD
2024-01-03,Easiest,Yellow,MOVE THROUGH THE AIR,FLOAT,FLY,GLIDE,SOAR
2024-01-03,Easy,Green,HIDDEN LISTENING DEVICES,BUG,MIKE,TAP,WIRE
2024-01-03,Medium,Blue,SELECT AS A BOX ON A FORM,CHECK,MARK,TICK,X
2024-01-03,Hard,Purple,RAPPERS MINUS FIRST LETTER,40,COLE,PAIN,TIP
2024-01-04,Easiest,Yellow,GIFT-GIVING ACCESSORIES,BOW,BOX,CARD,WRAPPING
2024-01-04,Easy,Green,DATING APP ACTIONS,BLOCK,MATCH,MESSAGE,SWIPE
2024-01-04,Medium,Blue,COOL IN SLANG,FIRE,LIT,SICK,TIGHT
2024-01-04,Hard,Purple,LUCKY ___,BREAK,CHARM,DUCK,STRIKE
2024-01-05,Easiest,Yellow,PLAYFULLY BOTHER,JOSH,KID,RIB,TEASE
2024-01-05,Easy,Green,APEX,HEIGHT,MAX,PEAK,TOP
2024-01-05,Medium,Blue,WORDS FOR SPECIFIC QUANTITIES,DOZEN,GROSS,PAIR,SCORE
2024-01-05,Hard,Purple,WHAT “X” MIGHT MEAN,ADULT,KISS,TEN,TIMES
2024-01-06,Easiest,Yellow,STRONG SMELL,FUNK,MUSK,ODOR,TANG
2024-01-06,Easy,Green,MOVE BACK AND FORTH,ROCK,SWAY,SWING,WAVE
2024-01-06,Medium,Blue,THINGS TO PICK,AFRO,BONE,FIGHT,LOCK
2024-01-06,Hard,Purple,___ BALL,CRYSTAL,DISCO,FOUL,GUTTER
2024-01-07,Easiest,Yellow,TECH COMPANIES,ALPHABET,AMAZON,APPLE,META
2024-01-07,Easy,Green,KINDS OF EXAMS,BAR,FINAL,ORAL,PHYSICAL
2024-01-07,Medium,Blue,SOMETHING EXEMPLARY,BEAUTY,GEM,MARVEL,PEACH
2024-01-07,Hard,Purple,___ TOOTH,BABY,EYE,SWEET,WISDOM
2024-01-08,Easiest,Yellow,THINGS THAT ARE ORANGE,BASKETBALL,CARROT,GOLDFISH,PUMPKIN
2024-01-08,Easy,Green,LONG SKINNY OBJECTS,POLE,ROD,STAFF,STICK
2024-01-08,Medium,Blue,SEEN ON A GOLF COURSE,CART,CLUB,HOLE,TEE
2024-01-08,Hard,Purple,SHAPES OF CAPITAL GREEK LETTERS,CIRCLE,HORSESHOE,PITCHFORK,TRIANGLE
2024-01-09,Easiest,Yellow,CLEANING SUPPLIES,BROOM,MOP,RAG,SPONGE
2024-01-09,Easy,Green,ELEMENTS OF COOKING PER SAMIN NOSRAT,SALT,FAT,ACID,HEAT
2024-01-09,Medium,Blue,THINGS THAT MAKE YOU SNEEZE,DUST,PEPPER,POLLEN,SMOKE
2024-01-09,Hard,Purple,TITULAR FICTIONAL DETECTIVES,MAGNUM,MONK,SHAFT,TRACY
2024-01-10,Easiest,Yellow,BIT OF MAGIC,CHARM,CURSE,HEX,SPELL
2024-01-10,Easy,Green,FOUND AROUND A FIREPLACE,FLUE,GRATE,LOG,POKER
2024-01-10,Medium,Blue,THINGS SEEN AT A CASINO,CARDS,CHIPS,DICE,SLOTS
2024-01-10,Hard,Purple,WAYS TO PREPARE CHEESE,CRUMBLE,MELT,SHRED,SLICE
2024-01-11,Easiest,Yellow,STATES OF MATTER,GAS,LIQUID,PLASMA,SOLID
2024-01-11,Easy,Green,ALL-TIMER,GREAT,HERO,ICON,LEGEND
2024-01-11,Medium,Blue,“PH” WORDS THAT ALSO WORK WITH “F”,PHAT,PHEW,PHILLY,PHISH
2024-01-11,Hard,Purple,___ PITCH,ELEVATOR,FEVER,PERFECT,SALES
2024-01-12,Easiest,Yellow,TOPIC OF DISCUSSION,ISSUE,MATTER,POINT,SUBJECT
2024-01-12,Easy,Green,SECTION OF ONE’S LIFE,CHAPTER,PERIOD,PHASE,STAGE
2024-01-12,Medium,Blue,PARTS OF A CAR INFORMALLY,DASH,SHOCK,TANK,WHEEL
2024-01-12,Hard,Purple,COLOR HOMOPHONES,BLEW,CHORAL,READ,ROWS
2024-01-13,Easiest,Yellow,CREDENTIALS FOR ENTRY,BADGE,INVITE,PASS,TICKET
2024-01-13,Easy,Green,PRESIDE OVER,CHAIR,DIRECT,LEAD,RUN
2024-01-13,Medium,Blue,AMERICAN FOOTBALL POSITIONS,CENTER,END,SAFETY,TACKLE
2024-01-13,Hard,Purple,POSTPONE,HOLD,PUNT,STALL,TABLE
2024-01-14,Easiest,Yellow,THINGS TO PAY,BILL,CHECK,INVOICE,TAB
2024-01-14,Easy,Green,THIEVE,PINCH,ROB,STEAL,SWIPE
2024-01-14,Medium,Blue,MALE ANIMALS,BUCK,BULL,JACK,TOM
2024-01-14,Hard,Purple,LEGWEAR IN THE SINGULAR,JEAN,PANT,SHORT,TIGHT
2024-01-15,Easiest,Yellow,LIST OF CANDIDATES,BALLOT,ROSTER,SLATE,TICKET
2024-01-15,Easy,Green,PROTECTIVE BARRIER,BUFFER,CUSHION,PAD,SHIELD
2024-01-15,Medium,Blue,MEDICINE FORMATS,CAPSULE,CREAM,SYRUP,TABLET
2024-01-15,Hard,Purple,PEA ___,COAT,GREEN,POD,SOUP
2024-01-16,Easiest,Yellow,DECEIVE,CON,DUPE,FOOL,TRICK
2024-01-16,Easy,Green,INSIDE INFO,DOPE,SCOOP,SKINNY,WORD
2024-01-16,Medium,Blue,TILT TO ONE SIDE,CANT,LEAN,LIST,SLOPE
2024-01-16,Hard,Purple,WORDS SPELLED WITH AN UPSIDE-DOWN CALCULATOR,BOOB,EGGSHELL,GIGGLE,HELLO
2024-01-17,Easiest,Yellow,DATA SET DATA,MEAN,MEDIAN,MODE,RANGE
2024-01-17,Easy,Green,CHEMISTRY TERMS,BASE,BOND,ELEMENT,SOLUTION
2024-01-17,Medium,Blue,ADJECTIVE INTENSIFIERS,AWFUL,PRETTY,RATHER,REAL
2024-01-17,Hard,Purple,RADIO HALL OF FAME MEMBERS,GLASS,GROSS,KING,STERN
2024-01-18,Easiest,Yellow,SHOW OFF,GRANDSTAND,PEACOCK,POSTURE,STRUT
2024-01-18,Easy,Green,FOREMOST,MAIN,PARAMOUNT,PRIME,SUPREME
2024-01-18,Medium,Blue,COLORS IN BRAZIL’S FLAG,BLUE,GREEN,WHITE,YELLOW
2024-01-18,Hard,Purple,___ LETTER,CHAIN,COVER,LOVE,SCARLET
2024-01-19,Easiest,Yellow,SUNDAE TOPPINGS,CHERRY,FUDGE,NUTS,SPRINKLES
2024-01-19,Easy,Green,LEAVE HIGH AND DRY,DESERT,DITCH,MAROON,STRAND
2024-01-19,Medium,Blue,“PHOOEY!”,CURSES,DARN,RATS,SHOOT
2024-01-19,Hard,Purple,WORDS IN TONGUE TWISTERS,FUZZY,PEPPERS,SEASHELLS,WOODCHUCK
2024-01-20,Easiest,Yellow,DECLINE,DIP,DROP,FALL,SINK
2024-01-20,Easy,Green,MOVE WITH SPEED,BLAZE,FLY,RACE,TEAR
2024-01-20,Medium,Blue,KINDS OF DANCE,MODERN,SALSA,SWING,TAP
2024-01-20,Hard,Purple,BABY ___,BOOM,CARROT,SHOWER,TALK
2024-01-21,Easiest,Yellow,RIP OFF,FLEECE,HOSE,ROB,STIFF
2024-01-21,Easy,Green,THINGS MADE OF WAX,CANDLE,CRAYON,HONEYCOMB,SEAL
2024-01-21,Medium,Blue,PARTS OF AN AIRPLANE,CABIN,ENGINE,NOSE,WING
2024-01-21,Hard,Purple,UNITS OF VEGETABLES,BULB,EAR,HEAD,STALK
2024-01-22,Easiest,Yellow,SYMBOLIC RODS,BATON,SCEPTER,STAFF,WAND
2024-01-22,Easy,Green,DENTAL TERMS,CAVITY,CROWN,FILLING,PLAQUE
2024-01-22,Medium,Blue,RUBBER STAMP WORDS,APPROVED,PAID,URGENT,VOID
2024-01-22,Hard,Purple,___ YEAR,GAP,LEAP,LIGHT,SCHOOL
2024-01-23,Easiest,Yellow,BRING INTO BEING,COIN,CREATE,DEVISE,INVENT
2024-01-23,Easy,Green,EXCELLENT,FINE,PRIME,QUALITY,STERLING
2024-01-23,Medium,Blue,SYMBOLS ABOVE NUMBERS ON A KEYBOARD,AT,DOLLAR,PERCENT,POUND
2024-01-23,Hard,Purple,PASS THE ___,BAR,BUCK,TIME,TORCH
2024-01-24,Easiest,Yellow,SMARTPHONE FEATURES BEGINNING WITH “C”,CALCULATOR,CALENDAR,CAMERA,CLOCK
2024-01-24,Easy,Green,PARTS OF THE EYE,CONE,IRIS,LENS,PUPIL
2024-01-24,Medium,Blue,FAMILIAL NICKNAMES,DADA,GRAMMY,MUM,POPPY
2024-01-24,Hard,Purple,WORDS PRONOUNCED DIFFERENTLY WITH ACCENT MARKS,EXPOSE,PATE,RESUME,ROSE
2024-01-25,Easiest,Yellow,OF-THE-MOMENT,BIG,HOT,IN,POPULAR
2024-01-25,Easy,Green,PICTOGRAPH,CHARACTER,GLYPH,ICON,SYMBOL
2024-01-25,Medium,Blue,IMPOSE AS A PENALTY,ASSESS,CHARGE,FINE,LEVY
2024-01-25,Hard,Purple,WORDS BEGINNING WITH BODY PARTS,HANDSOME,HIPPO,LEGEND,LIPID
2024-01-26,Easiest,Yellow,BASEBALL EQUIPMENT,BALL,BASE,BAT,GLOVE
2024-01-26,Easy,Green,HARD HIT,BLOW,LICK,SOCK,STRIKE
2024-01-26,Medium,Blue,ORIGINAL MONOPOLY TOKENS,BOOT,IRON,THIMBLE,TOP HAT
2024-01-26,Hard,Purple,___ BUNNY,BAD,BUGS,DUST,HONEY
2024-01-27,Easiest,Yellow,HURT,ACHE,BURN,SMART,STING
2024-01-27,Easy,Green,LOOK AFTER,GUARD,MIND,TEND,WATCH
2024-01-27,Medium,Blue,SOUGHT AFTER IN “THE WIZARD OF OZ”,BRAIN,COURAGE,HEART,HOME
2024-01-27,Hard,Purple,SILENT “W”,ANSWER,TWO,WRIST,WRONG
2024-01-28,Easiest,Yellow,HIGHEST POINT,CREST,PEAK,SUMMIT,VERTEX
2024-01-28,Easy,Green,“CAN I GET YOUR ___?” (PHONE INFO REQUEST),CELL,CONTACT,DIGITS,NUMBER
2024-01-28,Medium,Blue,MODIFIERS MEANING “SMALL”,BABY,MINI,POCKET,TOY
2024-01-28,Hard,Purple,INSIDE A SCRABBLE BOX,BAG,BOARD,RACKS,TILES
2024-01-29,Easiest,Yellow,DO SOME MARKETING FOR,PITCH,PLUG,PROMOTE,PUSH
2024-01-29,Easy,Green,ROMANTIC TWOSOME,COUPLE,ITEM,PAIR,THING
2024-01-29,Medium,Blue,TENNIS SCORING TERMS,AD,ALL,DEUCE,LOVE
2024-01-29,Hard,Purple,WORDS WITH “FRUIT”,BREAD,DRAGON,JACK,PASSION
2024-01-30,Easiest,Yellow,HIT HARD,BANG,HAMMER,POUND,SLAM
2024-01-30,Easy,Green,NEWSPAPER NAMES,CHRONICLE,HERALD,REGISTER,SUN
2024-01-30,Medium,Blue,CRESCENT-SHAPED THINGS,BANANA,CROISSANT,MOON,SICKLE
2024-01-30,Hard,Purple,POWER-UPS IN SUPER MARIO WORLD,FEATHER,FLOWER,MUSHROOM,STAR
2024-01-31,Easiest,Yellow,MERRIMENT,CHEER,GLEE,FESTIVITY,MIRTH
2024-01-31,Easy,Green,BOOKED FOR A WEDDING,BAND,CATERER,FLORIST,OFFICIANT
2024-01-31,Medium,Blue,RHYMES,CHOIR,FIRE,LIAR,FRYER
2024-01-31,Hard,Purple,___ PIT,BARBECUE,ORCHESTRA,SNAKE,TAR
2024-02-01,Easiest,Yellow,MAKE SHORTER,CLIP,CUT,PARE,TRIM
2024-02-01,Easy,Green,MUSCULAR,BUILT,JACKED,RIPPED,SWOLE
2024-02-01,Medium,Blue,ENTHUSIAST,BUFF,FAN,LOVER,NUT
2024-02-01,Hard,Purple,WRINKLY THINGS,BRAIN,PRUNE,PUG,WALNUT
2024-02-02,Easiest,Yellow,TIME OFF,BREAK,HOLIDAY,LEAVE,RECESS
2024-02-02,Easy,Green,FEATURES OF A BELT,BUCKLE,HOLE,LOOP,STRAP
2024-02-02,Medium,Blue,HOMOPHONES,HOLEY,HOLI,HOLY,WHOLLY
2024-02-02,Hard,Purple,___WOOD,DOG,DRIFT,HOLLY,SANDAL
2024-02-03,Easiest,Yellow,COMMERCIAL ORGANIZATION,AGENCY,COMPANY,ENTERPRISE,FIRM
2024-02-03,Easy,Green,FARM FIXTURES,COOP,PEN,STABLE,STY
2024-02-03,Medium,Blue,CLASSIC DOG NAMES,FLUFFY,REX,ROVER,SPOT
2024-02-03,Hard,Purple,COLORS MINUS THEIR FIRST LETTERS,INK,LACK,OLD,RANGE
2024-02-04,Easiest,Yellow,DRINKS WITH CAFFEINE,COCOA,COFFEE,MATE,TEA
2024-02-04,Easy,Green,UNEXCITING,BORING,DULL,MUNDANE,VANILLA
2024-02-04,Medium,Blue,COMEDIAN’S PERFORMANCE,ACT,BIT,ROUTINE,SET
2024-02-04,Hard,Purple,MARTINI SPECIFICATIONS,DIRTY,DRY,TWIST,UP
2024-02-05,Easiest,Yellow,GIVE ME A BREAK!,BROTHER,LORD,PLEASE,SHEESH
2024-02-05,Easy,Green,ECCLESIASTICAL TITLES,BISHOP,CARDINAL,PASTOR,PRIOR
2024-02-05,Medium,Blue,ROCK & ROLL HALL OF FAME INDUCTEES,HEART,MADONNA,PRINCE,QUEEN
2024-02-05,Hard,Purple,CITY HOMOPHONES,DELI,NIECE,ROAM,SOUL
2024-02-06,Easiest,Yellow,OSTENTATIOUS AS AN OUTFIT,BRIGHT,FLASHY,GARISH,LOUD
2024-02-06,Easy,Green,EUPHEMISMS FOR FLATULENCE,GAS,STINKER,TOOT,WIND
2024-02-06,Medium,Blue,KINDS OF BLOND,DIRTY,HONEY,PLATINUM,STRAWBERRY
2024-02-06,Hard,Purple,WHAT “O” MIGHT MEAN,HUG,OF,OXYGEN,ZERO
2024-02-07,Easiest,Yellow,SEA CREATURES,CRAB,RAY,SPONGE,SQUID
2024-02-07,Easy,Green,BASIC TWO-DIMENSIONAL SHAPES,CIRCLE,DIAMOND,SQUARE,TRIANGLE
2024-02-07,Medium,Blue,BOXING MANEUVERS,BOB,CROSS,HOOK,WEAVE
2024-02-07,Hard,Purple,FANCY ___,FEAST,FREE,PANTS,THAT
2024-02-08,Easiest,Yellow,ARCHERY EQUIPMENT,ARROW,BOW,QUIVER,TARGET
2024-02-08,Easy,Green,CARD GAMES,BRIDGE,GIN,SPIT,WAR
2024-02-08,Medium,Blue,WALLOP,BELT,CLOCK,DECK,SLUG
2024-02-08,Hard,Purple,CLASSIC TATTOOS,ANCHOR,DRAGON,HEART,ROSE
2024-02-09,Easiest,Yellow,MUSIC PLAYER BUTTONS,REWIND,SHUFFLE,SKIP,STOP
2024-02-09,Easy,Green,BROADCAST,AIR,RUN,SCREEN,SHOW
2024-02-09,Medium,Blue,THINGS YOU CAN DRAW,BATH,CARD,CURTAIN,PICTURE
2024-02-09,Hard,Purple,NUMBER ANAGRAMS,EON,ETHER,NET,TOW
2024-02-10,Easiest,Yellow,STOOL PIGEON,CANARY,FINK,RAT,SNITCH
2024-02-10,Easy,Green,CRAM INTO A TIGHT SPACE,JAM,PACK,SQUEEZE,STUFF
2024-02-10,Medium,Blue,YOGA POSES,CAT,COW,MOUNTAIN,TRIANGLE
2024-02-10,Hard,Purple,___FLY,BUTTER,DRAGON,FIRE,HORSE
2024-02-11,Easiest,Yellow,MONOTONOUS SOUNDS,BUZZ,DRONE,HUM,PURR
2024-02-11,Easy,Green,BOATS,BARGE,DORY,SCOW,SLOOP
2024-02-11,Medium,Blue,CAPTAINS,AMERICA,HOOK,MORGAN,NEMO
2024-02-11,Hard,Purple,PREFIXES WITH -CRACY,AUTO,BUREAU,DEMO,PLUTO
2024-02-12,Easiest,Yellow,BAD THINGS FOR A VIDEO CALL TO DO,DROP,ECHO,FREEZE,LAG
2024-02-12,Easy,Green,COSTUMES WITH STRIPED SHIRTS,MIME,PRISONER,REFEREE,SAILOR
2024-02-12,Medium,Blue,SEEN IN “ALADDIN”,GENIE,MONKEY,PARROT,PRINCESS
2024-02-12,Hard,Purple,MOVIES MINUS NUMBERS,APOLLO,CANDLES,FANTASTIC,SAMURAI
2024-02-13,Easiest,Yellow,"ENCOURAGE WITH ""ON""",EGG,GOAD,SPUR,URGE
2024-02-13,Easy,Green,SPHERICAL FOODS,JAWBREAKER,MEATBALL,MOZZARELLA,ORANGE
2024-02-13,Medium,Blue,GROCERY STORE AISLES,DAIRY,FROZEN,PRODUCE,SNACK
2024-02-13,Hard,Purple,GO ___,BANANAS,FIGURE,FISH,STEADY
2024-02-14,Easiest,Yellow,TOUCH LIGHTLY,BRUSH,GRAZE,KISS,SKIM
2024-02-14,Easy,Green,KINDS OF NUMBERS,ODD,PERFECT,PRIME,WHOLE
2024-02-14,Medium,Blue,SAUCES IN CHINESE CUISINE,OYSTER,PLUM,SOY,XO
2024-02-14,Hard,Purple,BEAR ___,CLAW,FRUIT,HUG,WITNESS
2024-02-15,Easiest,Yellow,FOLLOW ATTENTIVELY,MONITOR,SURVEY,TRACK,WATCH
2024-02-15,Easy,Green,WHERE YOU MIGHT FIND SAND,BEACH,DESERT,HOURGLASS,PLAYGROUND
2024-02-15,Medium,Blue,OVEN BUTTONS,BAKE,BROIL,LIGHT,TIMER
2024-02-15,Hard,Purple,BRITPOP BANDS,BLUR,OASIS,PULP,SUEDE
2024-02-16,Easiest,Yellow,COMFY SHOES,CROC,LOAFER,MOCCASIN,SLIPPER
2024-02-16,Easy,Green,THINGS MADE WITH FEATHERS,BOA,HEADDRESS,PILLOW,SHUTTLECOCK
2024-02-16,Medium,Blue,PROGRAMMING LANGUAGES,BASIC,JAVA,PYTHON,RUBY
2024-02-16,Hard,Purple,THINGS THAT CAN STRIKE,COBRA,INSPIRATION,LIGHTNING,UNION
2024-02-17,Easiest,Yellow,BIT OF HAIR,CURL,LOCK,RINGLET,TRESS
2024-02-17,Easy,Green,MEDIA ATTENTION,COVERAGE,EXPOSURE,PRESS,PUBLICITY
2024-02-17,Medium,Blue,NOUN SUFFIXES,DOM,ION,NESS,SHIP
2024-02-17,Hard,Purple,___ CIRCUS,FAMILY,FLEA,FLYING,MEDIA
2024-02-18,Easiest,Yellow,EAT A LITTLE,GRAZE,NIBBLE,PECK,SNACK
2024-02-18,Easy,Green,PURSUE,HUNT,TRACK,TRAIL,STALK
2024-02-18,Medium,Blue,INGREDIENTS IN MINESTRONE,BEANS,PASTA,STOCK,VEGETABLES
2024-02-18,Hard,Purple,___CAST,BROAD,FORE,POD,TYPE
2024-02-19,Easiest,Yellow,USED IN BUILDING A FIRE,KINDLING,LOG,MATCH,TINDER
2024-02-19,Easy,Green,MESS UP,BLOW,BUMBLE,FLUFF,SPOIL
2024-02-19,Medium,Blue,WORKSHOP TOOLS,DRILL,GRINDER,ROUTER,SAW
2024-02-19,Hard,Purple,PARTS OF A DOOR,FRAME,HANDLE,HINGE,LOCK
2024-02-20,Easiest,Yellow,PARTY POOPER,BORE,DRAG,DRIP,DUD
2024-02-20,Easy,Green,MUSICAL SECTIONS,BRASS,RHYTHM,STRING,WIND
2024-02-20,Medium,Blue,BIT OF LIQUID,BEAD,DROP,GLOB,TEAR
2024-02-20,Hard,Purple,VEGETABLE HOMOPHONES,BEAT,CHARRED,LEAK,PEE
2024-02-21,Easiest,Yellow,PESTERS,BADGERS,BUGS,HOUNDS,NAGS
2024-02-21,Easy,Green,TONY WINNERS FOR BEST MUSICAL,ANNIE,CABARET,CATS,COMPANY
2024-02-21,Medium,Blue,THEY HAVE KEYS,COMPUTER,PIANO,SUPER,TESTS
2024-02-21,Hard,Purple,SCHOOL OF ___,FISH,HARD KNOCKS,ROCK,THOUGHT
2024-02-22,Easiest,Yellow,DOG SOUNDS,BARK,GROWL,HOWL,WHINE
2024-02-22,Easy,Green,DEPARTMENT,ARM,BRANCH,CHAPTER,WING
2024-02-22,Medium,Blue,ORIGIN,CRADLE,FONT,ROOT,SOURCE
2024-02-22,Hard,Purple,COLORS WITH THEIR FIRST LETTERS CHANGED,CLUE,FROWN,MELLOW,PREEN
2024-02-23,Easiest,Yellow,PROCESSION,CARAVAN,FLEET,PARADE,TRAIN
2024-02-23,Easy,Green,SHADES OF GREEN,OLIVE,FOREST,LIME,MINT
2024-02-23,Medium,Blue,WHAT “BLUE” MIGHT MEAN,DEMOCRATIC,EROTIC,NOBLE,SAD
2024-02-23,Hard,Purple,THINGS WITH SPINES,BOOK,CACTUS,HEDGEHOG,SKELETON
2024-02-24,Easiest,Yellow,MANUFACTURING LOCATIONS,FACTORY,MILL,PLANT,SHOP
2024-02-24,Easy,Green,WIN + LETTER,WIND,WINE,WING,WINK
2024-02-24,Medium,Blue,PARTS OF FRUIT YOU MIGHT NOT EAT,CORE,RIND,SEED,STEM
2024-02-24,Hard,Purple,WEIGHTS IN BOXING,FEATHER,HEAVY,LIGHT,MIDDLE
2024-02-25,Easiest,Yellow,WALK HEAVILY,LUMBER,PLOD,STOMP,TRUDGE
2024-02-25,Easy,Green,FLEXIBLE,ELASTIC,LIMBER,PLASTIC,SUPPLE
2024-02-25,Medium,Blue,FENCING EQUIPMENT,FOIL,GLOVE,JACKET,MASK
2024-02-25,Hard,Purple,WORDS BEGINNING WITH INSTRUMENTS,BASSINET,CELLOPHANE,HARPOON,ORGANISM
2024-02-26,Easiest,Yellow,BASIC TASTES,BITTER,SALTY,SOUR,SWEET
2024-02-26,Easy,Green,STAND UP TO AS A CHALLENGE,BRAVE,CONFRONT,FACE,MEET
2024-02-26,Medium,Blue,ILK,KIND,SORT,TYPE,VARIETY
2024-02-26,Hard,Purple,ART MOVEMENTS WITH -ISM,EXPRESSION,MANNER,ROMANTIC,SURREAL
2024-02-27,Easiest,Yellow,80S FASHION TRENDS,HEADBAND,MULLET,NEON,SPANDEX
2024-02-27,Easy,Green,GYMNASTICS POSITIONS,PIKE,SPLIT,STRADDLE,TUCK
2024-02-27,Medium,Blue,KINDS OF CRACKERS,ANIMAL,GOLDFISH,OYSTER,RITZ
2024-02-27,Hard,Purple,___ LADDER,CORPORATE,ROPE,SALMON,WORD
2024-02-28,Easiest,Yellow,CHEESES FAMILIARLY,AMERICAN,BLUE,JACK,SWISS
2024-02-28,Easy,Green,TRACK AND FIELD EQUIPMENT,HAMMER,HURDLE,JAVELIN,POLE
2024-02-28,Medium,Blue,KINDS OF HEELS,CUBAN,KITTEN,STILETTO,WEDGE
2024-02-28,Hard,Purple,DOUBLE ___,DATE,DUTCH,JEOPARDY,SPACE
2024-02-29,Easiest,Yellow,PROPEL INTO THE AIR,HOP,JUMP,LEAP,SPRING
2024-02-29,Easy,Green,PLACE TO STORE VALUABLES,CHEST,COFFER,SAFE,VAULT
2024-02-29,Medium,Blue,PERIOD,AGE,DAY,ERA,TIME
2024-02-29,Hard,Purple,ANIMALS BACKWARD,DRIB,FLOW,REED,TANG
2024-03-01,Easiest,Yellow,GARLIC BREAD INGREDIENTS,BREAD,BUTTER,GARLIC,PARSLEY
2024-03-01,Easy,Green,WAGER,BET,GAMBLE,RISK,STAKE
2024-03-01,Medium,Blue,DISNEYLAND LANDS,ADVENTURE,FANTASY,FRONTIER,TOMORROW
2024-03-01,Hard,Purple,___ BAT,BASEBALL,CRICKET,FRUIT,VAMPIRE
2024-03-02,Easiest,Yellow,INTELLIGENCE OPERATIVE,AGENT,ASSET,MOLE,SLEEPER
2024-03-02,Easy,Green,UNITS IN POETRY,FOOT,LINE,METER,VERSE
2024-03-02,Medium,Blue,EXPRESS INDIRECTLY,COUCH,IMPLY,INTIMATE,SUGGEST
2024-03-02,Hard,Purple,WHAT “K” MIGHT MEAN,KELVIN,OKAY,POTASSIUM,THOUSAND
2024-03-03,Easiest,Yellow,LARGE AMOUNT,MASS,SEA,SLEW,TON
2024-03-03,Easy,Green,FALL IN UNDER PRESSURE,BUCKLE,CAVE,COLLAPSE,GIVE
2024-03-03,Medium,Blue,WAYS TO GET ATTENTION,SHOUT,SNAP,WAVE,WHISTLE
2024-03-03,Hard,Purple,BELLY ___,BUTTON,DANCE,FLOP,LAUGH
2024-03-04,Easiest,Yellow,ROOMS IN THE GAME CLUE,HALL,LIBRARY,LOUNGE,STUDY
2024-03-04,Easy,Green,COLLEAGUE,ASSOCIATE,FELLOW,PARTNER,PEER
2024-03-04,Medium,Blue,SEEN DURING EASTER,BUNNY,EGG,JELLY BEAN,PEEP
2024-03-04,Hard,Purple,WHAT A MOLE CAN BE,ANIMAL,BIRTHMARK,SPY,UNIT
2024-03-05,Easiest,Yellow,POP MEGASTARS,GRANDE,MARS,STYLES,SWIFT
2024-03-05,Easy,Green,METHOD,CHANNEL,MEANS,MEDIUM,VEHICLE
2024-03-05,Medium,Blue,UNLIKELY AS CHANCES,OUTSIDE,REMOTE,SLIM,SMALL
2024-03-05,Hard,Purple,LIVING ___,LARGE,LEGEND,PROOF,ROOM
2024-03-06,Easiest,Yellow,PARTS OF AN AIRPORT,HANGAR,RUNWAY,TARMAC,TERMINAL
2024-03-06,Easy,Green,LEGAL TERMS,ACTION,CLAIM,COMPLAINT,LAWSUIT
2024-03-06,Medium,Blue,THINGS A JUGGLER JUGGLES,BEANBAG,CLUB,RING,TORCH
2024-03-06,Hard,Purple,WORDS ENDING IN CLOTHING,FOXGLOVE,GUMSHOE,TURNCOAT,WINDSOCK
2024-03-07,Easiest,Yellow,SHARED,COLLECTIVE,COMMON,JOINT,MUTUAL
2024-03-07,Easy,Green,RID OF CONTENTS,CLEAR,DRAIN,EMPTY,FLUSH
2024-03-07,Medium,Blue,ASSOCIATED WITH “STUB”,CIGARETTE,PENCIL,TICKET,TOE
2024-03-07,Hard,Purple,___ DREAM,AMERICAN,FEVER,LUCID,PIPE
2024-03-08,Easiest,Yellow,THINGS TO SEW,DART,HEM,PLEAT,SEAM
2024-03-08,Easy,Green,WAYS TO PRESERVE FOOD,CAN,CURE,DRY,FREEZE
2024-03-08,Medium,Blue,SHARP QUALITY,BITE,EDGE,PUNCH,SPICE
2024-03-08,Hard,Purple,BIRDS MINUS LAST LETTER,CONDO,HAW,HERO,LOO
2024-03-09,Easiest,Yellow,EAT VORACIOUSLY,DOWN,INHALE,SCARF,WOLF
2024-03-09,Easy,Green,AREAS OF ACADEMIC FOCUS,CONCENTRATION,DEGREE,MAJOR,MINOR
2024-03-09,Medium,Blue,UNIVERSAL,BLANKET,BROAD,GENERAL,SWEEPING
2024-03-09,Hard,Purple,SPACE ___,BAR,CADET,HEATER,STATION
2024-03-10,Easiest,Yellow,THINGS A DOG CAN FETCH,BALL,BONE,FRISBEE,STICK
2024-03-10,Easy,Green,CONCEAL,BLOCK,COVER,HIDE,OBSCURE
2024-03-10,Medium,Blue,MAC KEYBOARD KEYS,COMMAND,CONTROL,OPTION,SHIFT
2024-03-10,Hard,Purple,EXPERIENCE A MEMORY LAPSE,BLANK,FLAKE,FORGET,SPACE
2024-03-11,Easiest,Yellow,TREAT WITH EXCESSIVE CARE,BABY,MOTHER,PAMPER,SPOIL
2024-03-11,Easy,Green,BACKSIDE,BOOTY,BUM,CAN,REAR
2024-03-11,Medium,Blue,THINGS IN A SPA LOCKER ROOM,ROBE,SLIPPERS,TOWEL,WASHCLOTH
2024-03-11,Hard,Purple,CAT’S ___,CRADLE,EYE,MEOW,PAJAMAS
2024-03-12,Easiest,Yellow,SECTION,CLASS,DIVISION,RANK,TIER
2024-03-12,Easy,Green,INCLUDING,AND,ALSO,PLUS,WITH
2024-03-12,Medium,Blue,DOG BREEDS INFORMALLY,BOSTON,GOLDEN,LAB,PIT
2024-03-12,Hard,Purple,FAMOUS POEMS,DADDY,HARLEM,HOWL,IF
2024-03-13,Easiest,Yellow,HALLOWEEN PURCHASES,CANDY,COSTUME,DECORATIONS,PUMPKIN
2024-03-13,Easy,Green,PLANTS WITH SIMILAR FLAVORS,ANISE,FENNEL,LICORICE,TARRAGON
2024-03-13,Medium,Blue,FOOD SLANG FOR HEAD,BEAN,MELON,NOODLE,NUT
2024-03-13,Hard,Purple,GEMSTONE CUTS,BAGUETTE,EMERALD,PRINCESS,RADIANT
2024-03-14,Easiest,Yellow,BOX OFFICE VICTORY,HIT,SMASH,SUCCESS,WINNER
2024-03-14,Easy,Green,VOLLEYBALL MOVES,BUMP,SERVE,SET,SPIKE
2024-03-14,Medium,Blue,HOMOPHONES OF GREEK LETTERS,MOO,NEW,PIE,ROW
2024-03-14,Hard,Purple,___-O,DADDY,DAY,JACKIE,JELL
2024-03-15,Easiest,Yellow,CRITICIZE,BLAST,KNOCK,SLAM,TRASH
2024-03-15,Easy,Green,“MY MISTAKE!”,APOLOGIES,OOPS,PARDON,SORRY
2024-03-15,Medium,Blue,ALIBI,DEFENSE,EXCUSE,OUT,REASON
2024-03-15,Hard,Purple,PLAY ___,DATE,DEAD,DIRTY,DOH
2024-03-16,Easiest,Yellow,GET SMALLER,CONTRACT,LESSEN,REDUCE,SHRINK
2024-03-16,Easy,Green,AIRLINE CLASSES,BUSINESS,COACH,FIRST,PREMIUM
2024-03-16,Medium,Blue,EXAMINE AS AN APPLICANT,CHECK,REVIEW,SCREEN,VET
2024-03-16,Hard,Purple,NOTABLE TV EPISODES,FINALE,PILOT,PREMIERE,SPECIAL
2024-03-17,Easiest,Yellow,FOOLISHNESS,ABSURDITY,FOLLY,MADNESS,NONSENSE
2024-03-17,Easy,Green,MOVE FORWARD,ADVANCE,MARCH,PROGRESS,PUSH
2024-03-17,Medium,Blue,THINGS THAT MIGHT STINK,CHEESE,FEET,GARBAGE,SKUNK
2024-03-17,Hard,Purple,WORDS AFTER “DEEP”,CUT,FAKE,FREEZE,SIX
2024-03-18,Easiest,Yellow,SEGMENT OF A PROCESS,CYCLE,PHASE,ROUND,STAGE
2024-03-18,Easy,Green,CONSTELLATIONS,CYGNUS,GEMINI,ORION,PEGASUS
2024-03-18,Medium,Blue,SPIRALS IN NATURE,CYCLONE,GALAXY,SNAIL,SUNFLOWER
2024-03-18,Hard,Purple,ASSOCIATED WITH “ONE”,CYCLOPS,MONOLOGUE,SOLITAIRE,UNICYCLE
2024-03-19,Easiest,Yellow,MOVIE SUMMARY INFO,CAST,GENRE,PLOT,TITLE
2024-03-19,Easy,Green,PRETENSE,AFFECT,AIRS,CHARADE,FRONT
2024-03-19,Medium,Blue,FAMOUS GUITARISTS,BERRY,KING,PAGE,WATERS
2024-03-19,Hard,Purple,SECOND ___,FIDDLE,GUESS,NATURE,WIND
2024-03-20,Easiest,Yellow,SEEN AT A SPORTS STADIUM,ASTROTURF,JUMBOTRON,SCOREBOARD,SKYBOX
2024-03-20,Easy,Green,CAMERA BRANDS,FUJIFILM,HASSELBLAD,OLYMPUS,POLAROID
2024-03-20,Medium,Blue,ITALIAN DEMONYMS,BOLOGNESE,NEAPOLITAN,PARMESAN,VENETIAN
2024-03-20,Hard,Purple,STARTING WITH ROCK BANDS,CREAMSICLE,JOURNEYMAN,KISSCAM,RUSHMORE
2024-03-21,Easiest,Yellow,CHAT INFORMALLY,GAB,JAW,YAK,YAP
2024-03-21,Easy,Green,FEMALE ANIMALS,COW,DOE,EWE,HEN
2024-03-21,Medium,Blue,PALINDROMES,BIB,EYE,GAG,POP
2024-03-21,Hard,Purple,STARTS OF PLANET NAMES,EAR,MAR,MER,SAT
2024-03-22,Easiest,Yellow,JUMPING ANIMALS,CRICKET,FROG,HARE,KANGAROO
2024-03-22,Easy,Green,APPLY PRESSURE TO,CRUSH,MASH,PRESS,SQUASH
2024-03-22,Medium,Blue,OLYMPIC SPORTS,BREAKING,HOCKEY,SKELETON,TRAMPOLINE
2024-03-22,Hard,Purple,THINGS YOU CAN SET,MOOD,RECORD,TABLE,VOLLEYBALL
2024-03-23,Easiest,Yellow,KUDOS,CREDIT,GLORY,PRAISE,PROPS
2024-03-23,Easy,Green,BECOME AWARE OF,DISCOVER,FIND,LEARN,REALIZE
2024-03-23,Medium,Blue,PURSUE,CHASE,TAIL,TRACK,SHADOW
2024-03-23,Hard,Purple,SEEN IN A PASSPORT,NAME,PHOTO,STAMP,VISA
2024-03-24,Easiest,Yellow,YELLOW-BROWN SHADES,BEIGE,CAMEL,KHAKI,TAN
2024-03-24,Easy,Green,FAIL TO ATTEND,CUT,DITCH,MISS,SKIP
2024-03-24,Medium,Blue,DECISIVE VICTORY,BLOWOUT,ROMP,ROUT,SWEEP
2024-03-24,Hard,Purple,___ WHEEL,CHEESE,COLOR,HAMSTER,PRAYER
2024-03-25,Easiest,Yellow,HOW FAST SOMETHING IS GOING,CLIP,PACE,RATE,SPEED
2024-03-25,Easy,Green,STEP ON IT!,FASTER,GO,HURRY,MOVE
2024-03-25,Medium,Blue,N.B.A. TEAM PLAYER,CLIPPER,PACER,ROCKET,SPUR
2024-03-25,Hard,Purple,TELE___,COMMUTE,MEDICINE,PROMPTER,VISION
2024-03-26,Easiest,Yellow,MUSICAL INSTRUMENTS,BASS,BASSOON,HARP,RECORDER
2024-03-26,Easy,Green,PLANT GROWTHS,BLOOM,BUD,SHOOT,SPROUT
2024-03-26,Medium,Blue,BRING UP,FOSTER,NURSE,RAISE,REAR
2024-03-26,Hard,Purple,SOLAR EMANATIONS,CORONA,FLARE,LIGHT,RADIATION
2024-03-27,Easiest,Yellow,UPDATE FOR ACCURACY,AMEND,CORRECT,FIX,REVISE
2024-03-27,Easy,Green,QUARREL,FIGHT,ROW,SCRAP,TIFF
2024-03-27,Medium,Blue,GAMES OF CHANCE,BINGO,LOTTERY,ROULETTE,WAR
2024-03-27,Hard,Purple,___ CHIP,BLUE,COMPUTER,POKER,POTATO
2024-03-28,Easiest,Yellow,EXITED,DEPARTED,LEFT,SPLIT,WENT
2024-03-28,Easy,Green,ONE FLYING AN AIRPLANE,ACE,AVIATOR,FLIER,PILOT
2024-03-28,Medium,Blue,KINDS OF WHALES,BLUE,FIN,GRAY,RIGHT
2024-03-28,Hard,Purple,THINGS WITH SLOTS,ATM,CASINO,SCHEDULE,SPATULA
2024-03-29,Easiest,Yellow,ESPECIALLY,MIGHTY,PRETTY,REALLY,VERY
2024-03-29,Easy,Green,DISNEY CHARACTERS,DAISY,GOOFY,HAPPY,LADY
2024-03-29,Medium,Blue,KINDS OF BLUE,BABY,NAVY,SKY,TIFFANY
2024-03-29,Hard,Purple,"BODY PARTS PLUS ""Y""",ARMY,COLONY,LIVERY,SHINY
2024-03-30,Easiest,Yellow,BREATHES HEAVILY,GASPS,HUFFS,PANTS,PUFFS
2024-03-30,Easy,Green,PRESERVES AS MEAT,CANS,CURES,SALTS,SMOKES
2024-03-30,Medium,Blue,PREDICAMENTS,BINDS,JAMS,PICKLES,SPOTS
2024-03-30,Hard,Purple,THINGS IN “MY FAVORITE THINGS”,KETTLES,MITTENS,RAINDROPS,WHISKERS
2024-03-31,Easiest,Yellow,TAKE A TUMBLE,FALL,SLIP,SPILL,TRIP
2024-03-31,Easy,Green,KINDS OF WATER,MINERAL,SPRING,STILL,TAP
2024-03-31,Medium,Blue,THINGS THAT ARE CINCHED IN THE MIDDLE,CORSET,DIABOLO,HOURGLASS,WASP
2024-03-31,Hard,Purple,___ BEAR,BOO,BOO,BROWN,HONEY
2024-04-02,Easiest,Yellow,THRUST,JAB,POKE,PROD,STICK
2024-04-02,Easy,Green,KINDS OF SNAKES,ADDER,BOA,MAMBA,MOCCASIN
2024-04-02,Medium,Blue,SEEN IN “CINDERELLA”,BALL,PRINCE,PUMPKIN,SLIPPER
2024-04-02,Hard,Purple,PASTA SHAPES,BOWTIE,ELBOW,TUBE,WHEEL
2024-04-03,Easiest,Yellow,MODEL FOR REFERENCE,BENCHMARK,GAUGE,STANDARD,YARDSTICK
2024-04-03,Easy,Green,POKER ACTIONS,BET,CALL,CHECK,FOLD
2024-04-03,Medium,Blue,SKIN TYPES,COMBINATION,DRY,NORMAL,OILY
2024-04-03,Hard,Purple,STARTS OF U.S. STATES,KENT,MARY,MASS,WASH
2024-04-04,Easiest,Yellow,WAYS TO PREPARE EGGS,BOIL,FRY,POACH,SCRAMBLE
2024-04-04,Easy,Green,EXHILARATION,BUZZ,KICK,RUSH,THRILL
2024-04-04,Medium,Blue,THROWN IN TARGET GAMES,AXE,DART,HORSESHOE,RING
2024-04-04,Hard,Purple,___ WRAP,BODY,BUBBLE,GIFT,SHRINK
2024-04-05,Easiest,Yellow,PIECES OF FURNITURE,BED,CHAIR,COUCH,TABLE
2024-04-05,Easy,Green,CARRY AS A FEELING,BEAR,HARBOR,HOLD,MAINTAIN
2024-04-05,Medium,Blue,WINE TASTING DESCRIPTORS,BALANCED,DRY,FULL,SWEET
2024-04-05,Hard,Purple,STARTING WITH METALS,GOLDILOCKS,IRONIC,LEADERSHIP,TINDER
2024-04-06,Easiest,Yellow,INTRINSIC MOTIVATORS,DESIRE,DRIVE,RESOLVE,WILL
2024-04-06,Easy,Green,SUMMER GEAR,HAT,SHORTS,SUNGLASSES,TEE
2024-04-06,Medium,Blue,COLLECTION,ARRAY,BATTERY,SET,SERIES
2024-04-06,Hard,Purple,HORSE___,FLY,POWER,RADISH,SHOE
2024-04-07,Easiest,Yellow,DISORDERLY PLACE,DUMP,MESS,PIGPEN,STY
2024-04-07,Easy,Green,STURDY,FIRM,SOLID,SOUND,STABLE
2024-04-07,Medium,Blue,FOUND IN CRACKER JACKS,CARAMEL,PEANUTS,POPCORN,PRIZE
2024-04-07,Hard,Purple,___ HORSE,CHARLEY,CRAZY,DARK,GIFT
2024-04-08,Easiest,Yellow,BRIEF MOMENT,FLASH,HEARTBEAT,JIFF,WINK
2024-04-08,Easy,Green,DISPUTE,CLASH,SCRAP,TANGLE,TIFF
2024-04-08,Medium,Blue,SLANG FOR ZERO,JACK,LOVE,SQUAT,ZIP
2024-04-08,Hard,Purple,ACCESSORIES FOR MR. PEANUT,CANE,MONOCLE,SPAT,TOP HAT
2024-04-09,Easiest,Yellow,BREADTH,EXTENT,RANGE,REACH,SCOPE
2024-04-09,Easy,Green,HAIR TOOLS,BRUSH,COMB,DRYER,IRON
2024-04-09,Medium,Blue,HERALDRY TERMS,ARMS,COAT,CREST,SHIELD
2024-04-09,Hard,Purple,WORDS BEFORE “DRUM”,EAR,KETTLE,OIL,STEEL
2024-04-10,Easiest,Yellow,PERSON IN CHARGE,CHAIR,CHIEF,DIRECTOR,HEAD
2024-04-10,Easy,Green,GRASSY AREA,FIELD,GREEN,GROUNDS,LAWN
2024-04-10,Medium,Blue,WORDS BEFORE “NUT”,CHEST,COCO,HAZEL,PEA
2024-04-10,Hard,Purple,SECOND WORDS IN TARANTINO MOVIES,BROWN,DOGS,FICTION,UNCHAINED
2024-04-11,Easiest,Yellow,HAIRCUTS WITH “CUT”,BOWL,BUZZ,CREW,PIXIE
2024-04-11,Easy,Green,MEASURING INSTRUMENTS,COMPASS,RULER,SCALE,WATCH
2024-04-11,Medium,Blue,WATER AND GAS CONDUITS,CHANNEL,LINE,MAIN,PIPE
2024-04-11,Hard,Purple,FAST FOOD MASCOTS,CLOWN,COLONEL,KING,MERMAID
2024-04-12,Easiest,Yellow,ORDERLY,CLEAN,NEAT,TIDY,TRIM
2024-04-12,Easy,Green,AUGMENTATIVE PREFIXES,HYPER,SUPER,UBER,ULTRA
2024-04-12,Medium,Blue,BECOME LARGER,BALLOON,MUSHROOM,SNOWBALL,SWELL
2024-04-12,Hard,Purple,ITEMS IN CLASSIC KIDS’ GAMES,DOMINO,JACK,MARBLE,STICK
2024-04-13,Easiest,Yellow,SEEN AT THE CIRCUS,CLOWN,RING,TENT,TRAPEZE
2024-04-13,Easy,Green,“THE WIZARD OF OZ” FIGURES,LION,SCARECROW,WITCH,WIZARD
2024-04-13,Medium,Blue,FILM DEPARTMENTS,HAIR,MAKEUP,PROPS,WARDROBE
2024-04-13,Hard,Purple,“I’M A ___” (LYRICS IN “THE JOKER”),JOKER,LOVER,SINNER,SMOKER
2024-04-14,Easiest,Yellow,PULL USING FORCE,RIP,TEAR,WRENCH,YANK
2024-04-14,Easy,Green,BIT OF REPETITIVE TRAINING,DRILL,EXERCISE,PRACTICE,ROUTINE
2024-04-14,Medium,Blue,U.S.-BASED AIRLINES,AMERICAN,FRONTIER,SPIRIT,UNITED
2024-04-14,Hard,Purple,BEGINNING WITH DAY ABBREVIATIONS,FRIAR,MONKEY,SUNDRY,WEDDING
2024-04-15,Easiest,Yellow,INVENT AS YOU GO,AD,LIB,FREESTYLE,IMPROV
2024-04-15,Easy,Green,THINGS BABIES DO,BABBLE,COO,CRAWL,NURSE
2024-04-15,Medium,Blue,SUPERFICIAL,COSMETIC,EXTERNAL,SHALLOW,SURFACE
2024-04-15,Hard,Purple,___ EFFECT,BUTTERFLY,DOMINO,PLACEBO,SIDE
2024-04-16,Easiest,Yellow,FLABBERGAST,FLOOR,ROCK,SHOCK,SURPRISE
2024-04-16,Easy,Green,BIT OF JOURNALISM,ARTICLE,FEATURE,REPORT,STORY
2024-04-16,Medium,Blue,ON THE SAME PLANE,EVEN,FLAT,FLUSH,LEVEL
2024-04-16,Hard,Purple,THEATER SECTIONS,BALCONY,BOX,ORCHESTRA,STAGE
2024-04-17,Easiest,Yellow,UPRIGHT SUPPORT,COLUMN,PILLAR,POLE,POST
2024-04-17,Easy,Green,HEED AS RULES,FOLLOW,MIND,OBSERVE,REGARD
2024-04-17,Medium,Blue,ALLOTMENT,INTEREST,PERCENTAGE,SHARE,STAKE
2024-04-17,Hard,Purple,GATHERED BY SPIES,DIRT,INFORMATION,INTELLIGENCE,SECRETS
2024-04-18,Easiest,Yellow,SIDEWALK SIGHTS,CURB,GRATE,GUTTER,MANHOLE
2024-04-18,Easy,Green,HAVE IN MIND,AIM,INTEND,MEAN,PLAN
2024-04-18,Medium,Blue,UNIT ABBREVIATIONS,CAL,GAL,IN,OZ
2024-04-18,Hard,Purple,GOLDEN ___,FLEECE,GIRLS,PARACHUTE,RULE
2024-04-19,Easiest,Yellow,ATTACH WITH ADHESIVE,ADHERE,GLUE,PASTE,STICK
2024-04-19,Easy,Green,PUBLISHED LINES,COPY,TEXT,WORDS,WRITING
2024-04-19,Medium,Blue,DIAMOND QUALITIES,CARAT,CLARITY,COLOR,CUT
2024-04-19,Hard,Purple,A-___,LIST,OK,PLUS,ROD
2024-04-20,Easiest,Yellow,BALDERDASH,BUNK,CROCK,HOGWASH,HORSEFEATHERS
2024-04-20,Easy,Green,TRACK AND FIELD EQUIPMENT,BATON,HAMMER,HURDLE,POLE
2024-04-20,Medium,Blue,PARTS OF A DEVIL COSTUME,GOATEE,HORNS,PITCHFORK,TAIL
2024-04-20,Hard,Purple,TYPES OF KNOTS,BEND,BOWLINE,HITCH,SHEEPSHANK
2024-04-21,Easiest,Yellow,EMBODIMENT,EXAMPLE,IDEAL,MODEL,SYMBOL
2024-04-21,Easy,Green,RELATED TO TRAINS,CAR,CONDUCTOR,STATION,TRACK
2024-04-21,Medium,Blue,STARTING WITH THE SAME SOUND,CYMBAL,SCIMITAR,SIMMER,SYMPHONY
2024-04-21,Hard,Purple,EAR___,DRUM,MARK,WAX,WIG
2024-04-22,Easiest,Yellow,SLANG FOR FRIEND,BUD,CHUM,MATE,PAL
2024-04-22,Easy,Green,ADJECTIVES FOR A BASEMENT,COLD,DANK,DARK,MUSTY
2024-04-22,Medium,Blue,STUBBLE,FUZZ,SCRUFF,SHADOW,WHISKERS
2024-04-22,Hard,Purple,COLLECTION OF MONEY,FUND,KITTY,POOL,POT
2024-04-23,Easiest,Yellow,THROW OUT,BOOT,BOUNCE,EJECT,TOSS
2024-04-23,Easy,Green,TERRA FIRMA,EARTH,GROUND,LAND,SOIL
2024-04-23,Medium,Blue,SEAS,BALTIC,BLACK,PHILIPPINE,RED
2024-04-23,Hard,Purple,TOM HANKS MOVIES,BIG,PHILADELPHIA,SPLASH,SULLY
2024-04-24,Easiest,Yellow,TACO TOPPINGS,CILANTRO,LIME,ONION,SALSA
2024-04-24,Easy,Green,METRIC PREFIXES,KILO,MEGA,MICRO,PICO
2024-04-24,Medium,Blue,KINDS OF SKIRTS,MINI,PENCIL,POODLE,WRAP
2024-04-24,Hard,Purple,WORDS WITH “HILL”,CAPITOL,FAITH,FOOT,MOLE
2024-04-25,Easiest,Yellow,LAB EQUIPMENT,BEAKER,DROPPER,GOGGLES,MICROSCOPE
2024-04-25,Easy,Green,NEXUS,CENTER,HEART,HUB,NUCLEUS
2024-04-25,Medium,Blue,SPREADSHEET TERMS,CELL,FORMULA,SHEET,SORT
2024-04-25,Hard,Purple,___ LANGUAGE,BODY,LOVE,ROMANCE,SIGN
2024-04-26,Easiest,Yellow,REFINED SENSIBILITY,ELEGANCE,GRACE,STYLE,TASTE
2024-04-26,Easy,Green,CATCH SOME RAYS,BAKE,BASK,SUN,TAN
2024-04-26,Medium,Blue,EMOTIONALLY SWAY ,AFFECT,IMPACT,MOVE,TOUCH
2024-04-26,Hard,Purple,NUMBERS WITH FIRST LETTERS REPLACED BY “S”,SEN,SIGHT,SINE,SOUR
2024-04-27,Easiest,Yellow,TRUST AS REAL,ACCEPT,BELIEVE,BUY,SWALLOW
2024-04-27,Easy,Green,POWER ISSUES,OUTAGE,SHORT,SPIKE,SURGE
2024-04-27,Medium,Blue,SUMMARY,ABSTRACT,BRIEF,DIGEST,OUTLINE
2024-04-27,Hard,Purple,NAME HOMOPHONES,CURT,HAIRY,KNEEL,WANE
2024-04-28,Easiest,Yellow,PASSIONATE AS A FEELING,DEEP,EXTREME,FIERCE,INTENSE
2024-04-28,Easy,Green,BANG INTO,BUMP,BUTT,KNOCK,RAM
2024-04-28,Medium,Blue,ANALOG TV INTERFERENCE,FUZZ,NOISE,SNOW,STATIC
2024-04-28,Hard,Purple,___ MARY,BLOODY,HAIL,PROUD,VIRGIN
2024-04-29,Easiest,Yellow,EXERCISES,BRIDGE,CRUNCH,DIP,SQUAT
2024-04-29,Easy,Green,FEATURED IN WESTERNS,BOUNTY,COWBOY,DUEL,SALOON
2024-04-29,Medium,Blue,LEADERS WHO RECEIVED THE NOBEL PEACE PRIZE,CARTER,GORE,KING,TUTU
2024-04-29,Hard,Purple,___ BEE,BUSY,HONEY,QUEEN,SPELLING
2024-04-30,Easiest,Yellow,DIPPING SAUCES,AIOLI,BARBECUE,MARINARA,RANCH
2024-04-30,Easy,Green,INTERROGATE,EXAMINE,GRILL,PROBE,QUESTION
2024-04-30,Medium,Blue,TRANSACTION RECORD,BILL,INVOICE,RECEIPT,STATEMENT
2024-04-30,Hard,Purple,WHAT “STOCK” MIGHT MEAN,ANCESTRY,BROTH,CATTLE,MERCHANDISE
2024-05-01,Easiest,Yellow,FEATURES ON A PAIR OF JEANS,BUTTON,FLY,POCKET,RIVET
2024-05-01,Easy,Green,OBJECTS IN 0- 1- 2- AND 3-DIMENSIONAL SPACE,LINE,PLANE,POINT,SOLID
2024-05-01,Medium,Blue,WEB BROWSER MENUS,FILE,HISTORY,VIEW,WINDOW
2024-05-01,Hard,Purple,MEMBER OF A ’60S BAND,ANIMAL,DOOR,KINK,SUPREME
2024-05-02,Easiest,Yellow,HIGHLY SKILLED,ACE,CRACKERJACK,EXPERT,HOTSHOT
2024-05-02,Easy,Green,USED TO FIX A FLAT,CHOCK,JACK,TIRE,WRENCH
2024-05-02,Medium,Blue,JOAQUIN PHOENIX MOVIES,GLADIATOR,HER,JOKER,SIGNS
2024-05-02,Hard,Purple,WORDS STARTING WITH MUSIC GENRES,POPCORN,RAPTURE,ROCKETRY,SOULMATE
2024-05-03,Easiest,Yellow,NIGHTSPOTS,BAR,CLUB,DISCO,LOUNGE
2024-05-03,Easy,Green,CAST OFF,DITCH,DROP,LOSE,SHED
2024-05-03,Medium,Blue,UNITS OF LENGTH,FATHOM,FOOT,LEAGUE,YARD
2024-05-03,Hard,Purple,___ SALE,BAKE,CLEARANCE,GARAGE,SAMPLE
2024-05-04,Easiest,Yellow,ENJOY,FANCY,LOVE,RELISH,SAVOR
2024-05-04,Easy,Green,FILLER WORDS,LIKE,LITERALLY,UM,WELL
2024-05-04,Medium,Blue,COMPONENTS OF A LOCK,CYLINDER,PIN,SPRING,TUMBLER
2024-05-04,Hard,Purple,HOMOPHONES OF UNITS OF MEASURE,CARROT,HURTS,JEWEL,OM
2024-05-05,Easiest,Yellow,SOMETHING GAINED FROM HARD WORK,BENEFIT,FRUIT,RETURN,REWARD
2024-05-05,Easy,Green,KINDS OF BAGELS,EGG,EVERYTHING,PLAIN,POPPY
2024-05-05,Medium,Blue,CONTRIBUTE TO A MOVIE,ACT,DIRECT,PRODUCE,WRITE
2024-05-05,Hard,Purple,STARTS OF MONSTERS,FRANK,MUM,VAMP,WERE
2024-05-06,Easiest,Yellow,CONNECT,COUPLE,JOIN,LINK,TIE
2024-05-06,Easy,Green,NUISANCE,BOTHER,HANDFUL,PAIN,PEST
2024-05-06,Medium,Blue,QUANTITY WORDS,FEW,MANY,SEVERAL,SOME
2024-05-06,Hard,Purple,TAROT CARDS WITH “THE”,FOOL,LOVERS,MAGICIAN,TOWER
2024-05-07,Easiest,Yellow,DELI BREAD OPTIONS,BUN,HERO,ROLL,WRAP
2024-05-07,Easy,Green,SLANG FOR MOUTH,CHOPS,KISSER,TRAP,YAP
2024-05-07,Medium,Blue,KEEP RHYTHM WITH MUSIC,BOB,CLAP,SNAP,TAP
2024-05-07,Hard,Purple,ROUND OF ___,APPLAUSE,DRINKS,FUNDING,GOLF
2024-05-08,Easiest,Yellow,SHADES OF RED,BRICK,CHERRY,ROSE,RUBY
2024-05-08,Easy,Green,LITTLE BIT OF A BEVERAGE,DROP,SPLASH,SPOT,SPRINKLE
2024-05-08,Medium,Blue,CHOICEST,BEST,CREAM,PICK,TOP
2024-05-08,Hard,Purple,___ BATH,BIRD,BUBBLE,MUD,SPONGE
2024-05-09,Easiest,Yellow,CONTAINER CLOSURES,CAP,CORK,LID,TAB
2024-05-09,Easy,Green,DURATION,PERIOD,SPELL,STRETCH,TIME
2024-05-09,Medium,Blue,REGULATE,CHECK,CONTAIN,CURB,LIMIT
2024-05-09,Hard,Purple,TRADEMARKS OF A PLATYPUS,BILL,EGG,FUR,VENOM
2024-05-10,Easiest,Yellow,CHUTZPAH,BRASS,CHEEK,GALL,NERVE
2024-05-10,Easy,Green,ACCESSORIES FOR DOG WALKING,COLLAR,HALTER,HARNESS,LEAD
2024-05-10,Medium,Blue,THINGS THAT SPIN,CAROUSEL,GLOBE,RECORD,TOP
2024-05-10,Hard,Purple,LEAD SINGERS OF ’70S ROCK BANDS,FERRY,MERCURY,NICKS,PLANT
2024-05-11,Easiest,Yellow,ONE WITH TOP BILLING,HEADLINER,LEAD,PRINCIPAL,STAR
2024-05-11,Easy,Green,VAMPIRE VULNERABILITIES,CROSS,GARLIC,SILVER,SUN
2024-05-11,Medium,Blue,SATIRICAL PUBLICATIONS FAMILIARLY,CRACKED,LAMPOON,MAD,ONION
2024-05-11,Hard,Purple,CLUB ___,MED,MUSIC,SANDWICH,SODA
2024-05-12,Easiest,Yellow,PLAYFULLY POKE FUN AT,KID,NEEDLE,RIB,TEASE
2024-05-12,Easy,Green,CUTS OF BEEF,CHUCK,FLANK,LOIN,ROUND
2024-05-12,Medium,Blue,ACRONYMS/INITIALISMS,MIA,OMG,PIN,RAM
2024-05-12,Hard,Purple,COCKTAILS MINUS PLACE NAMES,LIBRE,MAMA,MULE,SLING
2024-05-13,Easiest,Yellow,FASHION DESIGNER'S OUTPUT,BRAND,COLLECTION,LABEL,LINE
2024-05-13,Easy,Green,PLAYGROUND VERBS,DODGE,HIDE,HOP,TAG
2024-05-13,Medium,Blue,LOONEY TUNES FIGURES,BUNNY,DUCK,MARTIAN,PIG
2024-05-13,Hard,Purple,HOMOPHONES OF MUSICALS,GREECE,HARE,KATZ,MAIM
2024-05-14,Easiest,Yellow,EARLY ITERATION,DRAFT,OUTLINE,PLAN,SKETCH
2024-05-14,Easy,Green,ENJOY A MEAL,DINE,FEAST,FEED,SUP
2024-05-14,Medium,Blue,SPANISH PRONOUNS/POSSESSIVES,ELLA,ME,SUS,YO
2024-05-14,Hard,Purple,SLIM ___,FIT,JIM,PICKINGS,SHADY
2024-05-15,Easiest,Yellow,BIT OF LEGISLATION,ACT,BILL,MEASURE,RESOLUTION
2024-05-15,Easy,Green,GRASSLAND,MEADOW,PLAIN,PRAIRIE,SAVANNA
2024-05-15,Medium,Blue,FORTHRIGHT,DIRECT,FRANK,OPEN,STRAIGHT
2024-05-15,Hard,Purple,CAR COMPANIES MINUS LETTER,AURA,BUCK,DOGE,HODA
2024-05-16,Easiest,Yellow,PHOTO,PIC,SHOT,SNAP,STILL
2024-05-16,Easy,Green,ASSURE AS A VICTORY,CINCH,ICE,LOCK,SECURE
2024-05-16,Medium,Blue,MOVE IN AN EFFORTLESS WAY,BREEZE,COAST,GLIDE,SAIL
2024-05-16,Hard,Purple,___ BLANKET,PICNIC,SECURITY,THROW,WET
2024-05-17,Easiest,Yellow,CORRUPT,BASE,DIRTY,LOW,VILE
2024-05-17,Easy,Green,REACH OUT TO,CONTACT,MESSAGE,PING,TEXT
2024-05-17,Medium,Blue,CLASSIC STILL LIFE COMPONENTS,FRUIT,PITCHER,SKULL,TABLECLOTH
2024-05-17,Hard,Purple,BEER ___,BATTER,CAN,GARDEN,PONG
2024-05-18,Easiest,Yellow,ANIMALS WHOSE NAMES ARE TWO ANIMALS,BULLDOG,CATFISH,HORSEFLY,TURTLEDOVE
2024-05-18,Easy,Green,SHARP TURNS,DOGLEG,HAIRPIN,SWITCHBACK,ZAG
2024-05-18,Medium,Blue,CLASSIC PARTY GAMES,CATEGORIES,CHARADES,FISHBOWL,WEREWOLF
2024-05-18,Hard,Purple,THINGS WITH SPRING/S,CLOCK,MATTRESS,MOUSETRAP,TRAMPOLINE
2024-05-19,Easiest,Yellow,AFFLUENT,FLUSH,LOADED,RICH,WEALTHY
2024-05-19,Easy,Green,CUT INTO PIECES,CHOP,CUBE,DICE,MINCE
2024-05-19,Medium,Blue,OLD-FASHIONED,SQUARE,STRAIGHT,STUFFY,TRADITIONAL
2024-05-19,Hard,Purple,FRUIT HOMOPHONES,BURY,CURRENT,LEACHY,PAIR
2024-05-20,Easiest,Yellow,SORCERER’S OUTPUT,CHARM,HEX,MAGIC,SPELL
2024-05-20,Easy,Green,ONE BEING MANIPULATED,INSTRUMENT,PAWN,PUPPET,TOOL
2024-05-20,Medium,Blue,CLASSIC SUPERHERO WEAR,CAPE,MASK,TIGHTS,UNDERWEAR
2024-05-20,Hard,Purple,ACTION MOVIE DIRECTORS,BAY,CARPENTER,SCOTT,WOO
2024-05-21,Easiest,Yellow,SMIDGEN,BIT,DASH,PINCH,TOUCH
2024-05-21,Easy,Green,BARGAIN,BUY,DEAL,STEAL,VALUE
2024-05-21,Medium,Blue,BILLIARDS EQUIPMENT,BALL,CHALK,CUE,RACK
2024-05-21,Hard,Purple,___BOOK (THAT’S NOT A BOOK),FACE,MAC,MATCH,POCKET
2024-05-22,Easiest,Yellow,BODY PARTS IN “HEAD SHOULDERS KNEES AND TOES”,HEAD,KNEES,SHOULDERS,TOES
2024-05-22,Easy,Green,CAR INFORMALLY,AUTO,RIDE,WHEELS,WHIP
2024-05-22,Medium,Blue,REMOVES THE COVERING OF,PARES,PEELS,SHELLS,SHUCKS
2024-05-22,Hard,Purple,“BUZZY” THINGS,BEES,CAFFEINE,GOSSIP,INTERCOMS
2024-05-23,Easiest,Yellow,TAKE ADVANTAGE OF,EXPLOIT,LEVERAGE,MILK,USE
2024-05-23,Easy,Green,FINISHED AS TIME,DONE,OVER,THROUGH,UP
2024-05-23,Medium,Blue,NEWSPAPER DESKS,CITY,COPY,CULTURE,SPORTS
2024-05-23,Hard,Purple,WORDS BEGINNING WITH GREETINGS,HEYDAY,HIJINKS,SUPPER,YOGURT
2024-05-24,Easiest,Yellow,CONDUITS FOR WATER REMOVAL,DRAIN,DUCT,PIPE,SEWER
2024-05-24,Easy,Green,FOOD PRODUCTS ASSOCIATED WITH SENTIMENTALITY,CHEESE,CORN,SAP,SCHMALTZ
2024-05-24,Medium,Blue,THINGS TO CRACK,EGG,KNUCKLES,SMILE,WINDOW
2024-05-24,Hard,Purple,___ CHANGE,CHUMP,CLIMATE,LOOSE,SEA
2024-05-25,Easiest,Yellow,ADVERTISING FORMAT,BANNER,BILLBOARD,POSTER,SIGN
2024-05-25,Easy,Green,INAUGURAL,FIRST,INITIAL,MAIDEN,PREMIER
2024-05-25,Medium,Blue,ADVOCATE FOR,BACK,CHAMPION,ENDORSE,SUPPORT
2024-05-25,Hard,Purple,PRONOUN PLUS “E”,HERE,THEME,USE,WEE
2024-05-26,Easiest,Yellow,FOUND ON A STOVE TOP,GRIDDLE,KETTLE,PAN,POT
2024-05-26,Easy,Green,ORNAMENTAL BORDER,FRILL,FRINGE,RUFFLE,TRIM
2024-05-26,Medium,Blue,DEPOSIT WITH “DOWN”,LAY,PLACE,PUT,SET
2024-05-26,Hard,Purple,WORDS THAT SOUND LIKE PLURAL LETTERS,GEEZ,SEIZE,TEASE,WISE
2024-05-27,Easiest,Yellow,AGENCY IN DECISIONMAKING,CHOICE,SAY,VOICE,VOTE
2024-05-27,Easy,Green,DOG COMMANDS,DOWN,HEEL,SHAKE,SPEAK
2024-05-27,Medium,Blue,KINDS OF NOTES,FLAT,NATURAL,QUARTER,WHOLE
2024-05-27,Hard,Purple,___ IRON,PUMP,STEAM,TIRE,WAFFLE
2024-05-28,Easiest,Yellow,AMENABLE,EASY,FLEXIBLE,OPEN,RECEPTIVE
2024-05-28,Easy,Green,ANAGRAMS,EVIL,LIVE,VEIL,VILE
2024-05-28,Medium,Blue,SPELLING BEE RANKS,AMAZING,BEGINNER,GENIUS,SOLID
2024-05-28,Hard,Purple,ADJECTIVES FOR A CANDLE,LIT,SCENTED,WAXY,WICKED
2024-05-29,Easiest,Yellow,FOOD,CHOW,EATS,FARE,GRUB
2024-05-29,Easy,Green,PILOT,DIRECT,GUIDE,LEAD,STEER
2024-05-29,Medium,Blue,INTIMIDATE,BULLY,COW,DAUNT,RATTLE
2024-05-29,Hard,Purple,___ MARKET,BULL,FLEA,MEAT,STOCK
2024-05-30,Easiest,Yellow,PLUNDER,LOOT,RAID,ROB,SACK
2024-05-30,Easy,Green,INFLUENCE,CLOUT,PULL,SWAY,WEIGHT
2024-05-30,Medium,Blue,HAIRSTYLES,BOB,CROP,FADE,SHAG
2024-05-30,Hard,Purple,___ PIN,BOBBY,HAIR,PUSH,SAFETY
2024-05-31,Easiest,Yellow,CORPUS,BODY,CANON,OEUVRE,WORKS
2024-05-31,Easy,Green,MOUNT ___,FUJI,HOOD,OLYMPUS,WHITNEY
2024-05-31,Medium,Blue,COMPONENTS OF AN LP,INSERT,JACKET,RECORD,SLEEVE
2024-05-31,Hard,Purple,THINGS PEOPLE SHAKE,HANDS,MARACA,POLAROID,SNOWGLOBE
2024-06-01,Easiest,Yellow,“DON’T DELAY!”,HURRY,NOW,PRONTO,STAT
2024-06-01,Easy,Green,OCEAN PHENOMENA,CURRENT,DRIFT,TIDE,WAVE
2024-06-01,Medium,Blue,DUMBBELL EXERCISES,CURL,FLY,PRESS,ROW
2024-06-01,Hard,Purple,PHILOSOPHER HOMOPHONES,LOCK,MARKS,PANE,RUSTLE
2024-06-02,Easiest,Yellow,CONFORMISTS,FOLLOWERS,LEMMINGS,PUPPETS,SHEEP
2024-06-02,Easy,Green,COMPANY OWNERSHIP OFFERS,EQUITY,OPTIONS,SHARES,STOCKS
2024-06-02,Medium,Blue,U.S. CITIES,BILLINGS,BUFFALO,MOBILE,PHOENIX
2024-06-02,Hard,Purple,WHAT “DIGS” MIGHT MEAN,APARTMENT,INSULTS,LIKES,SHOVELS
2024-06-03,Easiest,Yellow,REMOVE AS BODY HAIR,LASER,PLUCK,THREAD,WAX
2024-06-03,Easy,Green,TWIST AROUND,COIL,SPOOL,WIND,WRAP
2024-06-03,Medium,Blue,THINGS MADE OF CELLS,HONEYCOMB,ORGANISM,SOLAR PANEL,SPREADSHEET
2024-06-03,Hard,Purple,B-___,BALL,MOVIE,SCHOOL,VITAMIN
2024-06-04,Easiest,Yellow,TAKE HOME AS INCOME,CLEAR,EARN,MAKE,NET
2024-06-04,Easy,Green,PARTS OF A WIZARD COSTUME,BEARD,HAT,ROBE,STAFF
2024-06-04,Medium,Blue,FOUND ON A SHIP,BRIDGE,DECK,HATCH,KEEL
2024-06-04,Hard,Purple,C-___,CLEF,SECTION,SPAN,SUITE
2024-06-05,Easiest,Yellow,“AWESOME!”,COOL,NICE,SICK,SWEET
2024-06-05,Easy,Green,VARIETY,KIND,SORT,STYLE,TYPE
2024-06-05,Medium,Blue,GIST,DRIFT,IDEA,MESSAGE,POINT
2024-06-05,Hard,Purple,FRIED APPETIZER INFORMALLY,RING,STICK,TENDER,WING
2024-06-06,Easiest,Yellow,MOVE TO ACTION,DRIVE,PROMPT,PROPEL,PUSH
2024-06-06,Easy,Green,UNO CARDS,DRAW,REVERSE,SKIP,WILD
2024-06-06,Medium,Blue,HAIL SIZE COMPARISONS,BASEBALL,GRAPEFRUIT,MARBLE,PEA
2024-06-06,Hard,Purple,PLACES WITH BENCHES,COURTROOM,DUGOUT,GYM,PARK
2024-06-07,Easiest,Yellow,DREAM UP,CONCEIVE,ENVISION,IMAGINE,PICTURE
2024-06-07,Easy,Green,THIN COVERING,COAT,FILM,LAYER,SKIN
2024-06-07,Medium,Blue,REMOVE AS CRUMBS,BRUSH,FLICK,SWEEP,WIPE
2024-06-07,Hard,Purple,VERBS FOR A SOFTWARE ENGINEER,CODE,DEVELOP,HACK,PROGRAM
2024-06-08,Easiest,Yellow,GRAB ONE’S ATTENTION,ABSORB,ENGROSS,HOLD,RIVET
2024-06-08,Easy,Green,DOCUMENT WITH VIDEO,FILM,RECORD,SHOOT,TAPE
2024-06-08,Medium,Blue,ANAGRAMS,PASTEL,PETALS,PLEATS,STAPLE
2024-06-08,Hard,Purple,PRETTY ___,GOOD,PENNY,PLEASE,WOMAN
2024-06-09,Easiest,Yellow,FEELING SOME TYPE OF WAY,BITTER,SALTY,SORE,UPSET
2024-06-09,Easy,Green,THROW HERE AND THERE,PEPPER,SCATTER,SPRINKLE,STREW
2024-06-09,Medium,Blue,THINGS WITH LAYERS,CAKE,EARTH,ONION,PLYWOOD
2024-06-09,Hard,Purple,___ POTATO,BAKED,COUCH,HOT,SWEET
2024-06-10,Easiest,Yellow,CORE,CRUX,ESSENCE,HEART,SUBSTANCE
2024-06-10,Easy,Green,COMPLICATED,BAROQUE,COMPLEX,ELABORATE,INVOLVED
2024-06-10,Medium,Blue,SYMBOLS USED IN MAKING LISTS,ARROW,BULLET,CHECKBOX,HYPHEN
2024-06-10,Hard,Purple,WHAT “CROSS” MIGHT MEAN,ANGRY,BETRAY,CRUCIFIX,HYBRID
2024-06-11,Easiest,Yellow,HOMOPHONES,BI,BUY,BY,BYE
2024-06-11,Easy,Green,MUSCLES INFORMALLY,AB,PEC,QUAD,TRI
2024-06-11,Medium,Blue,MUSIC GENRES,DUB,EMO,POP,TRAP
2024-06-11,Hard,Purple,SETTINGS ON AN APPLIANCE KNOB,HI,LO,MED,OFF
2024-06-12,Easiest,Yellow,PLACES IN NEW YORK CITY,CHINATOWN,DUMBO,MANHATTAN,WALL STREET
2024-06-12,Easy,Green,RHYMING TITLES,BE KIND REWIND,E,T,FRIGHT NIGHT
2024-06-12,Medium,Blue,ENDING IN UNITS OF MEASUREMENT,HEDWIG AND THE ANGRY INCH,MY LEFT FOOT,THE GREEN MILE,THE LONGEST YARD
2024-06-12,Hard,Purple,STARTING WITH ANIMALS,BEETLEJUICE,FOXY BROWN,DOGMA,OCTOPUSSY
2024-06-14,Easiest,Yellow,WRITING ASSIGNMENTS,ARTICLE,ESSAY,PAPER,REPORT
2024-06-14,Easy,Green,THINGS THAT ARE PINK,BUBBLE GUM,CARNATION,ERASER,FLAMINGO
2024-06-14,Medium,Blue,NATO PHONETIC ALPHABET,FOXTROT,HOTEL,VICTOR,YANKEE
2024-06-14,Hard,Purple,ASSOCIATED WITH #2,DEPUTY,DEREK JETER,PENCIL,SILVER MEDAL
2024-06-15,Easiest,Yellow,ENJOY,APPRECIATE,DIG,FANCY,LIKE
2024-06-15,Easy,Green,BLOCKBUSTER,HIT,SENSATION,SMASH,SUCCESS
2024-06-15,Medium,Blue,CAMPAIGN SWAG,BUTTON,HAT,SHIRT,STICKER
2024-06-15,Hard,Purple,WORDS AFTER “COPY”,CAT,EDITOR,PASTE,THAT
2024-06-16,Easiest,Yellow,CURRENT SITUATION,CONDITION,FORM,SHAPE,STATE
2024-06-16,Easy,Green,REMOTE RURAL AREA,BUSH,COUNTRY,STICKS,WOODS
2024-06-16,Medium,Blue,CLASSIC LAWN ORNAMENTS,FLAMINGO,FOUNTAIN,GNOME,PINWHEEL
2024-06-16,Hard,Purple,___ TALE,FAIRY,FISH,FOLK,TALL
