artist,song_title,lyric_with_blank,answer,full_lyric,difficulty,tag
Arctic Monkeys,505,I crumble _____ when you cry,COMPLETELY,I crumble completely when you cry,Easy,AM Core
Arctic Monkeys,Mardy Bum,I've _____ your frown and it's like looking down the barrel of a gun,SEEN,I've seen your frown and it's like looking down the barrel of a gun,Easy,AM Core
Arctic Monkeys,Do I Wanna Know?,Been _____ if your heart's still open and if so I wanna know what time it shuts,WONDERING,Been wondering if your heart's still open and if so I wanna know what time it shuts,Easy,AM Core
Arctic Monkeys,R U Mine?,She's a silver _____ climbing on my desire,LINING,She's a silver lining climbing on my desire,Medium,AM Core
Arctic Monkeys,Fluorescent Adolescent,The best you ever had is just a _____,MEMORY,The best you ever had is just a memory,Easy,AM Core
Arctic Monkeys,Arabella,The horizon tries but it's just not as _____ on the eyes,KIND,The horizon tries but it's just not as kind on the eyes,Medium,AM Core
Arctic Monkeys,Cornerstone,I saw your sister in the Cornerstone on the phone to the _____,MIDDLEMAN,I saw your sister in the Cornerstone on the phone to the middleman,Medium,AM Core
Arctic Monkeys,Crying Lightning,Your past _____ consisted of the strange and twisted and deranged,TIMES,Your past times consisted of the strange and twisted and deranged,Hard,AM Core
Arctic Monkeys,Why'd You Only Call Me When You're High?,Now it's three in the _____ and I'm trying to change your mind,MORNING,Now it's three in the morning and I'm trying to change your mind,Easy,AM Core
Arctic Monkeys,Snap Out Of It,Under a _____ you're hypnotized / Darling how could you be so blind?,SPELL,Under a spell you're hypnotized / Darling how could you be so blind?,Medium,AM Core
Arctic Monkeys,No. 1 Party Anthem,It's not like I'm _____ in love I just want you to do me no good,FALLING,It's not like I'm falling in love I just want you to do me no good,Hard,AM Core
Arctic Monkeys,Fireside,There's all these secrets that I can't _____ like in my heart there's that hotel suite,KEEP,There's all these secrets that I can't keep like in my heart there's that hotel suite,Hard,AM Core
Arctic Monkeys,A Certain Romance,_____ fuck off might be too kind,PERHAPS,Perhaps fuck off might be too kind,Hard,AM Core
Arctic Monkeys,Teddy Picker,Who'd _____ to be men of the people when there's people like you?,WANT,Who'd want to be men of the people when there's people like you?,Hard,AM Core
Arctic Monkeys,The Bakery,I'm sorry I was late I _____ the train,MISSED,I'm sorry I was late I missed the train,Extreme,AM B-Side
Arctic Monkeys,Despair in the Departure Lounge,She's got her hands in her pockets and she's _____ at her feet,LOOKING,She's got her hands in her pockets and she's looking at her feet,Hard,AM Deep Cut
Arctic Monkeys,Stop The World I Wanna Get Off With You,With the _____ of you I dislike everyone in the room,EXCEPTION,With the exception of you I dislike everyone in the room,Hard,AM B-Side
Arctic Monkeys,Love Is A Laserquest,Do you look into the mirror to _____ yourself you're there?,REMIND,Do you look into the mirror to remind yourself you're there?,Hard,AM Core
Arctic Monkeys,Star Treatment,I just wanted to be one of the _____,STROKES,I just wanted to be one of the Strokes,Hard,AM Modern
Arctic Monkeys,Four Out Of Five,I put a _____ on the roof,TAQUERIA,I put a taqueria on the roof,Hard,AM Modern
Arctic Monkeys,There'd Better Be a Mirrorball,"Don't get emotional, that _____ like you",AINT,"Don't get emotional, that ain't like you",Medium,AM Modern
Arctic Monkeys,Body Paint,There's still a trace of body paint on your _____ and on your arms,LEGS,There's still a trace of body paint on your legs and on your arms,Hard,AM Modern
Arctic Monkeys,You're So Dark,I saw you driving your _____ and even that was Munster Koach-esque,PRIUS,I saw you driving your Prius and even that was Munster Koach-esque,Extreme,AM B-Side
Arctic Monkeys,2013,On the back of a _____ there's a little tiny fruit,TRANSMITTER,On the back of a transmitter there's a little tiny fruit,Extreme,AM B-Side
Arctic Monkeys,Catapult,He could catapult you back to your _____,DADDY,He could catapult you back to your daddy,Extreme,AM B-Side
Arctic Monkeys,Bigger Boys and Stolen Sweethearts,_____ got their hand in their pockets,THEYVE,They've got their hand in their pockets,Hard,AM B-Side
Arctic Monkeys,No Buses,An _____ in your soul and you can't tell them why,ACHE,An ache in your soul and you can't tell them why,Hard,AM B-Side
Arctic Monkeys,Leave Before The Lights Come On,How can you _____ up with someone you don't love?,WAKE,How can you wake up with someone you don't love?,Medium,AM Single
Arctic Monkeys,Secret Door,Fools on parade frolic and _____ about,FUCK,Fools on parade frolic and fuck about,Hard,AM Core
Arctic Monkeys,The Hellcat Spangled Shalalala,Her steady hands may well have done the _____ pedicure,DEVILS,Her steady hands may well have done the devil's pedicure,Hard,AM Core
Arctic Monkeys,Piledriver Waltz,"If you're gonna try and walk on water, make sure you wear your _____ shoes",COMFORTABLE,"If you're gonna try and walk on water, make sure you wear your comfortable shoes",Medium,AM Core
Arctic Monkeys,Pretty Visitors,All the pretty visitors came and _____ their arms,WAVED,All the pretty visitors came and waved their arms,Hard,AM Core
Arctic Monkeys,Dance Little Liar,Have you got itchy _____?,BONES,Have you got itchy bones?,Hard,AM Core
Arctic Monkeys,The Jeweller's Hands,Watching his exit was like falling off the ferry in the _____,NIGHT,Watching his exit was like falling off the ferry in the night,Extreme,AM Core
Arctic Monkeys,Evil Twin,He's the _____ of the keys and he's gonna let me in,KEEPER,He's the keeper of the keys and he's gonna let me in,Hard,AM B-Side
Arctic Monkeys,Blond-O-Sonic Shimmer Trap,She _____ like fun,LOOKS,She looks like fun,Extreme,AM B-Side
Arctic Monkeys,Science Fiction,Mass panic on a not too distant future _____,COLONY,Mass panic on a not too distant future colony,Hard,AM Modern
Arctic Monkeys,One for the Road,"One for the _____, ooh",ROAD,"One for the road, ooh",Easy,AM Core
Arctic Monkeys,Fake Tales of San Francisco,"You're not from New York City, you're from _____",ROTHERHAM,"You're not from New York City, you're from Rotherham",Medium,AM Core
Arctic Monkeys,The View From The Afternoon,_____ has the habit to set you up,ANTICIPATION,Anticipation has the habit to set you up,Medium,AM Core
Arctic Monkeys,When The Sun Goes Down,And he told Roxanne to put on her red _____,LIGHT,And he told Roxanne to put on her red light,Medium,AM Core
Arctic Monkeys,Only Ones Who Know,And I _____ you're holding hands by New Year's Eve,HOPE,And I hope you're holding hands by New Year's Eve,Hard,AM Core
Arctic Monkeys,Do Me a Favour,"To tear _____ the ties that bind, perhaps fuck off might be too kind",APART,"To tear apart the ties that bind, perhaps fuck off might be too kind",Hard,AM Core
Arctic Monkeys,If You Were There Beware,The circle of _____ with their minds on the prize,SNAKES,The circle of snakes with their minds on the prize,Extreme,AM Core
Arctic Monkeys,Batphone,I've _____ the glow of your low beams numerous times,RECOGNIZED,I've recognized the glow of your low beams numerous times,Extreme,AM Modern
Arctic Monkeys,I Wanna Be Yours,_____ I have held in my heart are harder to hide than I thought,SECRETS,Secrets I have held in my heart are harder to hide than I thought,Easy,AM Core
Arctic Monkeys,Knee Socks,You got your _____ socks on and you're lookin' like you like the help,KNEE,You got your knee socks on and you're lookin' like you like the help,Medium,AM Core
Arctic Monkeys,Potion Approaching,Would you like me to _____ you a go-kart?,BUILD,Would you like me to build you a go-kart?,Extreme,AM Core
Arctic Monkeys,Library Pictures,I'm in a _____,VEST,I'm in a vest,Extreme,AM Core
Arctic Monkeys,One Point Perspective,Dancing in my _____ / I'm gonna run for government,UNDERPANTS,Dancing in my underpants / I'm gonna run for government,Medium,AM Modern
Arctic Monkeys,Tranquility Base Hotel & Casino,"Jesus in the day spa, _____ out the information form",FILLING,"Jesus in the day spa, filling out the information form",Hard,AM Modern
Arctic Monkeys,American Sports,_____ battery pack / Just in time for my weekly chat,EMERGENCY,Emergency battery pack / Just in time for my weekly chat,Hard,AM Modern
Arctic Monkeys,Golden Trunks,The king of the _____-shift,NIGHT,The king of the night-shift,Extreme,AM Modern
Arctic Monkeys,She Looks Like Fun,_____,CHEESEBURGER,Cheeseburger,Extreme,AM Modern
Arctic Monkeys,The Ultracheese,I've done some things that I _____ have done,SHOULDNT,I've done some things that I shouldn't have done,Medium,AM Modern
Arctic Monkeys,I Ain't Quite Where I Think I Am,Freaky _____ patches,KEYBOARD,Freaky keyboard patches,Hard,AM Modern
Arctic Monkeys,Sculptures of Anything Goes,_____ canvas white noise,BLANK,Blank canvas white noise,Hard,AM Modern
Arctic Monkeys,Jet Skis on the Moat,Is there _____ on your mind?,SOMETHING,Is there something on your mind?,Extreme,AM Modern
Arctic Monkeys,Big Ideas,The _____ got us all surrounded,ORCHESTRAS,The orchestra's got us all surrounded,Hard,AM Modern
Arctic Monkeys,Hello You,I could _____ for 17 if I just had a shave,PASS,I could pass for 17 if I just had a shave,Hard,AM Modern
Arctic Monkeys,Mr Schwartz,A little bit of Mr. Schwartz in the middle of a _____,DREAM,A little bit of Mr. Schwartz in the middle of a dream,Extreme,AM Modern
Arctic Monkeys,Perfect Sense,And if that's what it takes to say _____,GOODNIGHT,And if that's what it takes to say goodnight,Medium,AM Modern
Arctic Monkeys,Stickin To The Floor,Not one of you has got an ounce of _____ in ya,STYLE,Not one of you has got an ounce of style in ya,Hard,AM B-Side
Arctic Monkeys,Matador,The circle of _____,SNAKES,The circle of snakes,Extreme,AM B-Side
Arctic Monkeys,Nettles,He's got a head like a _____,NETTLE,He's got a head like a nettle,Extreme,AM B-Side
Arctic Monkeys,Joining the Dots,If you're gonna try and walk on _____,WATER,If you're gonna try and walk on water,Extreme,AM B-Side
Arctic Monkeys,The Afternoon's Hat,_____ his exit was like falling off the ferry,WATCHING,Watching his exit was like falling off the ferry,Extreme,AM B-Side
Arctic Monkeys,Fright Lined Dining Room,The _____ on the wall / They're not working at all,CLOCKS,The clock's on the wall / They're not working at all,Extreme,AM B-Side
Arctic Monkeys,Don't Forget Whose Legs You're On,The sky's a _____ blue orchid,PALE,The sky's a pale blue orchid,Extreme,AM B-Side
Arctic Monkeys,Plastic Tramp,He's a _____ tramp,PLASTIC,He's a plastic tramp,Extreme,AM B-Side
Arctic Monkeys,Red Lights Indicate Doors Are Secure,I've been for _____ at the Heartbreak Hotel,BREAKFAST,I've been for breakfast at the Heartbreak Hotel,Medium,AM Core
Arctic Monkeys,Riot Van,"And you're starting to bore me, _____",BABY,"And you're starting to bore me, baby",Medium,AM Core
Arctic Monkeys,From the Ritz to the Rubble,Well the morning was complete where there were tears on the steering _____,WHEEL,Well the morning was complete where there were tears on the steering wheel,Hard,AM Core
Arctic Monkeys,D Is For Dangerous,He knew what he _____ and he went out and got it,WANTED,He knew what he wanted and he went out and got it,Medium,AM Core
Arctic Monkeys,Balaclava,It's the same old _____,STORY,It's the same old story,Hard,AM Core
Arctic Monkeys,The Bad Thing,Do the _____ in the Devil's lair,MACARENA,Do the Macarena in the Devil's lair,Extreme,AM Core
Arctic Monkeys,Old Yellow Bricks,"Houdini, love, you don't know what you're running _____ from",AWAY,"Houdini, love, you don't know what you're running away from",Medium,AM Core
Arctic Monkeys,She's Thunderstorms,"Lying on her front, up _____ the wall",AGAINST,"Lying on her front, up against the wall",Medium,AM Core
Arctic Monkeys,Reckless Serenade,"When she laughs, the _____ hum / A stun gun lullaby",HEAVENS,"When she laughs, the heavens hum / A stun gun lullaby",Hard,AM Core
Arctic Monkeys,Brianstorm,Top _____ for not trying,MARKS,Top marks for not trying,Easy,AM Core
Arctic Monkeys,My Propeller,Borrow the beak of a _____ eagle,BALD,Borrow the beak of a bald eagle,Hard,AM Core
Arctic Monkeys,Black Treacle,You look like you've been for _____ at the Heartbreak Hotel,BREAKFAST,You look like you've been for breakfast at the Heartbreak Hotel,Medium,AM Core
Arctic Monkeys,Suck It And See,You're rarer than a can of _____ and Burdock,DANDELION,You're rarer than a can of Dandelion and Burdock,Medium,AM Core
Arctic Monkeys,One For The Road,So we all go back to yours and you help me solve my _____,PROBLEMS,So we all go back to yours and you help me solve my problems,Medium,AM Core
Arctic Monkeys,Arabella,Wraps her lips _____ a Mexican Coke,AROUND,Wraps her lips around a Mexican Coke,Hard,AM Core
Arctic Monkeys,Fireside,And I can't _____ to make it through the day without thinking of you lately,MANAGE,And I can't manage to make it through the day without thinking of you lately,Hard,AM Core
Arctic Monkeys,Knee Socks,When the zero line comes a-_____,KNOCKING,When the zero line comes a-knocking,Hard,AM Core
Arctic Monkeys,Science Fiction,I've got the _____ on a wire,WORLD,I've got the world on a wire,Hard,AM Modern
Arctic Monkeys,Star Treatment,_____ I was a little too wild in the 70s,MAYBE,Maybe I was a little too wild in the 70s,Hard,AM Modern
Arctic Monkeys,One Point Perspective,I've been _____ of things that I shouldn't have been,THINKING,I've been thinking of things that I shouldn't have been,Medium,AM Modern
Arctic Monkeys,American Sports,The _____ is over and the real stuff begins,TRAINING,The training is over and the real stuff begins,Hard,AM Modern
Arctic Monkeys,The Car,_____ about how it used to be,THINKING,Thinking about how it used to be,Hard,AM Modern
Arctic Monkeys,Body Paint,Straight from the cover of a _____,MAGAZINE,Straight from the cover of a magazine,Hard,AM Modern
Arctic Monkeys,Mr Schwartz,He's got the _____ on a string,WORLD,He's got the world on a string,Extreme,AM Modern
Arctic Monkeys,Big Ideas,The _____ was f-ing wank and I'm not sorry,BAND,The band was f-ing wank and I'm not sorry,Hard,AM Modern
Arctic Monkeys,Hello You,I could _____ for 17 if I just had a shave,PASS,I could pass for 17 if I just had a shave,Hard,AM Modern
Arctic Monkeys,Perfect Sense,And if that's what it takes to say _____,GOODNIGHT,And if that's what it takes to say goodnight,Medium,AM Modern
Arctic Monkeys,Da Frame 2R,I'm the king of the _____,ROAD,I'm the king of the road,Extreme,AM B-Side
Arctic Monkeys,Sketchead,He's a sketch _____,HEAD,He's a sketch head,Extreme,AM B-Side
Arctic Monkeys,Too Much To Ask,The best you ever had is just a _____,MEMORY,The best you ever had is just a memory,Hard,AM B-Side
Arctic Monkeys,Temptation Greets You Like Your Naughty Friend,A bit of a _____ but I'm getting there,MESS,A bit of a mess but I'm getting there,Hard,AM B-Side
Arctic Monkeys,What If You Were Right The First Time?,I'm not sure if I want to _____,KNOW,I'm not sure if I want to know,Extreme,AM B-Side
Arctic Monkeys,7,I'm the king of the _____,WORLD,I'm the king of the world,Extreme,AM B-Side
Arctic Monkeys,Baby I'm Yours,I'll be yours _____ the stars fall from the sky,UNTIL,I'll be yours until the stars fall from the sky,Medium,AM B-Side
Arctic Monkeys,Bad Woman,She's a bad _____ but I love her,WOMAN,She's a bad woman but I love her,Extreme,AM B-Side
Arctic Monkeys,Cigarette Smoker Fiona,I'm a cigarette _____ Fiona,SMOKER,I'm a cigarette smoker Fiona,Hard,AM B-Side
Arctic Monkeys,Electricity,_____ the one for me,YOURE,You're the one for me,Extreme,AM B-Side
Arctic Monkeys,Nettles,He's got a head like a _____,NETTLE,He's got a head like a nettle,Extreme,AM B-Side
Arctic Monkeys,Red Right Hand,He's got a red _____ hand,RIGHT,He's got a red right hand,Hard,AM B-Side
Arctic Monkeys,Stop The World I Wanna Get Off With You,I'm trying to change your _____,MIND,I'm trying to change your mind,Hard,AM B-Side
Arctic Monkeys,You're So Dark,I saw you driving your _____,PRIUS,I saw you driving your Prius,Extreme,AM B-Side
Arctic Monkeys,The Afternoon's Hat,_____ his exit was like falling off the ferry,WATCHING,Watching his exit was like falling off the ferry,Extreme,AM B-Side
Arctic Monkeys,Joining the Dots,If you're gonna try and walk on _____,WATER,If you're gonna try and walk on water,Extreme,AM B-Side
Arctic Monkeys,Don't Forget Whose Legs You're On,The _____ a pale blue orchid,SKYS,The sky's a pale blue orchid,Extreme,AM B-Side
Arctic Monkeys,Fright Lined Dining Room,The clock's on the _____,WALL,The clock's on the wall,Extreme,AM B-Side
Arctic Monkeys,Little Illusion Machine,I'm a little illusion _____,MACHINE,I'm a little illusion machine,Extreme,AM B-Side
Arctic Monkeys,Matador,The _____ of snakes,CIRCLE,The circle of snakes,Extreme,AM B-Side
Arctic Monkeys,Anyways,I'm just _____ about you,THINKING,I'm just thinking about you,Hard,AM Modern
Arctic Monkeys,The Ultracheese,I've done some things that I _____ have done,SHOULDNT,I've done some things that I shouldn't have done,Medium,AM Modern
Arctic Monkeys,Science Fiction,I've got the _____ on a wire,WORLD,I've got the world on a wire,Hard,AM Modern
Arctic Monkeys,One Point Perspective,Dancing in my _____,UNDERPANTS,Dancing in my underpants,Medium,AM Modern
Arctic Monkeys,American Sports,Emergency _____ pack,BATTERY,Emergency battery pack,Hard,AM Modern
Arctic Monkeys,Golden Trunks,The king of the night-_____,SHIFT,The king of the night-shift,Extreme,AM Modern
Arctic Monkeys,Star Treatment,I just wanted to be one of the _____,STROKES,I just wanted to be one of the Strokes,Hard,AM Modern
Arctic Monkeys,Four Out Of Five,I put a _____ on the roof,TAQUERIA,I put a taqueria on the roof,Hard,AM Modern
Arctic Monkeys,There'd Better Be a Mirrorball,Don't get _____ that ain't like you,EMOTIONAL,Don't get emotional that ain't like you,Medium,AM Modern
Arctic Monkeys,Body Paint,There's still a _____ of body paint on your legs and on your arms,TRACE,There's still a trace of body paint on your legs and on your arms,Hard,AM Modern
Arctic Monkeys,The Car,Thinking about how it _____ to be,USED,Thinking about how it used to be,Hard,AM Modern
Arctic Monkeys,Big Ideas,The orchestra's got us all _____,SURROUNDED,The orchestra's got us all surrounded,Hard,AM Modern
Arctic Monkeys,Hello You,I could pass for 17 if I just had a _____,SHAVE,I could pass for 17 if I just had a shave,Hard,AM Modern
Arctic Monkeys,Mr Schwartz,A little bit of Mr. _____ in the middle of a dream,SCHWARTZ,A little bit of Mr. Schwartz in the middle of a dream,Extreme,AM Modern
Arctic Monkeys,Perfect Sense,And if that's what it _____ to say goodnight,TAKES,And if that's what it takes to say goodnight,Medium,AM Modern
Arctic Monkeys,Stickin To The Floor,Not one of you has got an ounce of _____ in ya,STYLE,Not one of you has got an ounce of style in ya,Hard,AM B-Side
Arctic Monkeys,Despair in the Departure Lounge,She's got her hands in her pockets and she's looking at her _____,FEET,She's got her hands in her pockets and she's looking at her feet,Hard,AM Deep Cut
Arctic Monkeys,Why'd You Only Call Me When You're High?,Now it's _____ in the morning and I'm trying to change your mind,THREE,Now it's three in the morning and I'm trying to change your mind,Easy,AM Core
Arctic Monkeys,Do I Wanna Know?,Been _____ if your heart's still open,WONDERING,Been wondering if your heart's still open,Easy,AM Core
Arctic Monkeys,R U Mine?,She's a _____ lining climbing on my desire,SILVER,She's a silver lining climbing on my desire,Medium,AM Core
Arctic Monkeys,505,I crumble _____ when you cry,COMPLETELY,I crumble completely when you cry,Easy,AM Core
Arctic Monkeys,Fluorescent Adolescent,The best you ever had is just a _____,MEMORY,The best you ever had is just a memory,Easy,AM Core
Arctic Monkeys,Mardy Bum,I've _____ your frown and it's like looking down the barrel of a gun,SEEN,I've seen your frown and it's like looking down the barrel of a gun,Easy,AM Core
Arctic Monkeys,Arabella,The horizon _____ but it's just not as kind on the eyes,TRIES,The horizon tries but it's just not as kind on the eyes,Medium,AM Core
Arctic Monkeys,Cornerstone,I saw your sister in the _____,CORNERSTONE,I saw your sister in the Cornerstone,Medium,AM Core
Arctic Monkeys,Crying Lightning,Your past times _____ of the strange and twisted and deranged,CONSISTED,Your past times consisted of the strange and twisted and deranged,Hard,AM Core
Arctic Monkeys,Snap Out Of It,Under a spell you're _____,HYPNOTIZED,Under a spell you're hypnotized,Medium,AM Core
Arctic Monkeys,No. 1 Party Anthem,It's not like I'm _____ in love,FALLING,It's not like I'm falling in love,Hard,AM Core
Arctic Monkeys,Fireside,There's all these _____ that I can't keep,SECRETS,There's all these secrets that I can't keep,Hard,AM Core
Arctic Monkeys,A Certain Romance,Perhaps _____ off might be too kind,FUCK,Perhaps fuck off might be too kind,Hard,AM Core
Arctic Monkeys,Teddy Picker,Who'd want to be men of the people when there's _____ like you?,PEOPLE,Who'd want to be men of the people when there's people like you?,Hard,AM Core
Nirvana,Smells Like Teen Spirit,"A _____, an albino, a mosquito, my libido",MULATTO,"A mulatto, an albino, a mosquito, my libido",Easy,Rock Iconic
Oasis,Wonderwall,_____ maybe you're gonna be the one that saves me,BECAUSE,Because maybe you're gonna be the one that saves me,Easy,Rock Iconic
The Killers,Mr. Brightside,Coming out of my cage and I've been doing just _____,FINE,Coming out of my cage and I've been doing just fine,Easy,Rock Iconic
Queen,Bohemian Rhapsody,"I'm just a poor boy, I need no _____",SYMPATHY,"I'm just a poor boy, I need no sympathy",Easy,Rock Iconic
Pink Floyd,Time,"Tired of lying in the _____, staying home to watch the rain",SUNSHINE,"Tired of lying in the sunshine, staying home to watch the rain",Hard,Rock Iconic
Pink Floyd,Wish You Were Here,Did they get you to trade your _____ for ghosts?,HEROES,Did they get you to trade your heroes for ghosts?,Medium,Rock Iconic
Radiohead,Creep,"I'm a _____, I'm a weirdo, what the hell am I doing here?",CREEP,"I'm a creep, I'm a weirdo, what the hell am I doing here?",Easy,Rock Iconic
Foo Fighters,Everlong,If _____ could ever be this good again,ANYTHING,If anything could ever be this good again,Medium,Rock Iconic
Red Hot Chili Peppers,Under the Bridge,I don't ever _____ to feel like I did that day,WANT,I don't ever want to feel like I did that day,Easy,Rock Iconic
Linkin Park,Numb,"I've become so numb, I _____ feel you there",CANT,"I've become so numb, I can't feel you there",Easy,Rock Iconic
The Rolling Stones,(I Can't Get No) Satisfaction,"I can't get no _____, 'cause I try and I try",SATISFACTION,"I can't get no satisfaction, 'cause I try and I try",Easy,Rock Iconic
Led Zeppelin,Stairway to Heaven,There's a lady _____ sure all that glitters is gold,WHOS,There's a lady who's sure all that glitters is gold,Easy,Rock Iconic
The Eagles,Hotel California,"You can _____ out any time you like, but you can never leave",CHECK,"You can check out any time you like, but you can never leave",Easy,Rock Iconic
David Bowie,Heroes,"We can be _____, just for one day",HEROES,"We can be heroes, just for one day",Medium,Rock Iconic
Fleetwood Mac,Landslide,"But time _____ you bolder, even children get older",MAKES,"But time makes you bolder, even children get older",Medium,Rock Iconic
Queen,Another One Bites the Dust,Steve walks warily down the street with the brim _____ low,PULLED,Steve walks warily down the street with the brim pulled low,Medium,Rock Iconic
Guns N' Roses,Sweet Child O' Mine,She's got a smile that it seems to me reminds me of childhood _____,MEMORIES,She's got a smile that it seems to me reminds me of childhood memories,Easy,Rock Iconic
Metallica,Nothing Else Matters,_____ I seek and I find in you,TRUST,Trust I seek and I find in you,Medium,Rock Iconic
Jimi Hendrix,Purple Haze,Purple _____ all in my brain lately things don't seem the same,HAZE,Purple haze all in my brain lately things don't seem the same,Easy,Rock Iconic
The Beatles,Hey Jude,"Hey Jude, don't let me down, you have _____ her, now go and get her",FOUND,"Hey Jude, don't let me down, you have found her, now go and get her",Easy,Rock Iconic
Marvin Gaye,What's Going On,"_____, mother, there's too many of you crying",MOTHER,"Mother, mother, there's too many of you crying",Medium,Rock Iconic
Chuck Berry,Johnny B. Goode,He never _____ learned to read or write so well but he could play the guitar just like ringing a bell,EVER,He never ever learned to read or write so well but he could play the guitar just like ringing a bell,Easy,Rock Iconic
The Doors,Break on through,Break on through to the other _____,SIDE,Break on through to the other side,Medium,Rock Iconic
Bruce Springsteen,Born to Run,The freeways jammed with broken _____ on a last chance power drive,HEROES,The freeways jammed with broken heroes on a last chance power drive,Hard,Rock Iconic
Bob Dylan,Like a Rolling Stone,"Once upon a time you dressed so fine, _____ the bums a dime in your prime, didn't you?",THREW,"Once upon a time you dressed so fine, threw the bums a dime in your prime, didn't you?",Hard,Rock Iconic
Bon Jovi,Livin' on a Prayer,"We've got to hold on to what we've got, it doesn't make a _____ if we make it or not",DIFFERENCE,"We've got to hold on to what we've got, it doesn't make a difference if we make it or not",Easy,Rock Iconic
Black Sabbath,Paranoid,Finished with my woman 'cause she couldn't _____ me with my mind,HELP,Finished with my woman 'cause she couldn't help me with my mind,Medium,Rock Iconic
Aerosmith,Dream On,Sing with me _____ for the year sing for the laughter and sing for the tear,SING,Sing with me sing for the year sing for the laughter and sing for the tear,Medium,Rock Iconic
Dire Straits,Sultans of Swing,And the _____ doesn't mind if he doesn't make the scene,HARRY,And the Harry doesn't mind if he doesn't make the scene,Hard,Rock Iconic
Derek and the Dominos,Layla,"Layla, _____ got me on my knees",YOUVE,"Layla, you've got me on my knees",Easy,Rock Iconic
Steppenwolf,Born to be Wild,Get your motor _____ head out on the highway,RUNNIN,Get your motor runnin' head out on the highway,Easy,Rock Iconic
Van Halen,Jump,Might as well _____,JUMP,Might as well jump,Easy,Rock Iconic
Whitesnake,Here I Go Again,"Here I go again on my own, goin' down the only road I've _____ known",EVER,"Here I go again on my own, goin' down the only road I've ever known",Easy,Rock Iconic
Yes,Owner of a Lonely Heart,Owner of a lonely heart much better than a _____ of a broken heart,OWNER,Owner of a lonely heart much better than a owner of a broken heart,Medium,Rock Iconic
Bob Seger,Old Time Rock & Roll,Just take those old records off the _____,SHELF,Just take those old records off the shelf,Easy,Rock Iconic
Santana,Black Magic Woman,Got a _____ magic woman got me so blind I can't see,BLACK,Got a black magic woman got me so blind I can't see,Medium,Rock Iconic
Jefferson Airplane,Somebody to Love,When the truth is _____ to be lies and all the joy within you dies,FOUND,When the truth is found to be lies and all the joy within you dies,Hard,Rock Iconic
KISS,Rock & Roll All Nite,I wanna rock and roll all _____ and party every day,NIGHT,I wanna rock and roll all night and party every day,Easy,Rock Iconic
Joan Jett,I Love Rock & Roll,I love rock and roll so put another dime in the _____ baby,JUKEBOX,I love rock and roll so put another dime in the jukebox baby,Easy,Rock Iconic
Ram Jam,Black Betty,_____ Black Betty bam-ba-lam,WHOA,Whoa Black Betty bam-ba-lam,Easy,Rock Iconic
The Knack,My Sharona,"Ooh, my _____ hungry one, hungry one",LITTLE,"Ooh, my little hungry one, hungry one",Medium,Rock Iconic
Tom Petty,American Girl,Well she was an American _____ raised on promises,GIRL,Well she was an American girl raised on promises,Medium,Rock Iconic
Pearl Jam,Alive,"Son, she said, have I got a _____ story for you",LITTLE,"Son, she said, have I got a little story for you",Medium,Rock Iconic
Boston,More than a Feeling,It's more than a _____ when I hear that old song they used to play,FEELING,It's more than a feeling when I hear that old song they used to play,Easy,Rock Iconic
Asia,Heat of the Moment,It was the heat of the _____ telling me what your heart meant,MOMENT,It was the heat of the moment telling me what your heart meant,Medium,Rock Iconic
Ramones,Rock & Roll Radio,Do you remember Rock 'n' Roll _____?,RADIO,Do you remember Rock 'n' Roll Radio?,Medium,Rock Iconic
Supertramp,Give a Little Bit,Give a _____ bit of your love to me,LITTLE,Give a little bit of your love to me,Easy,Rock Iconic
The Beatles,Here Comes the Sun,Little darlin' the smile's _____ to their faces,RETURNING,Little darlin' the smile's returning to their faces,Easy,Rock Iconic
Thin Lizzy,The Boys Are Back in Town,The boys are back in _____,TOWN,The boys are back in town,Easy,Rock Iconic
Journey,Anyway You Want It,_____ you want it that's the way you need it,ANYWAY,Anyway you want it that's the way you need it,Easy,Rock Iconic
Survivor,Eye of the Tiger,It's the eye of the tiger it's the thrill of the _____,FIGHT,It's the eye of the tiger it's the thrill of the fight,Easy,Rock Iconic
The Troggs,Wild Thing,Wild thing you make my heart _____,SING,Wild thing you make my heart sing,Easy,Rock Iconic
Twisted Sister,We're Not Gonna Take It,We're not gonna take it oh no we ain't gonna _____ it,TAKE,We're not gonna take it oh no we ain't gonna take it,Easy,Rock Iconic
Peter Gabriel,Sledgehammer,You could have a steam train if you just lay down your _____,TRACKS,You could have a steam train if you just lay down your tracks,Medium,Rock Iconic
The Black Crowes,Hard to Handle,Boys will be boys and girls will be _____,GIRLS,Boys will be boys and girls will be girls,Medium,Rock Iconic
Blondie,One Way or Another,One way or _____ I'm gonna find ya I'm gonna get ya get ya get ya get ya,ANOTHER,One way or another I'm gonna find ya I'm gonna get ya get ya get ya get ya,Easy,Rock Iconic
The Beatles,Help!,"Help, I need _____, help, not just anybody",SOMEBODY,"Help, I need somebody, help, not just anybody",Easy,Rock Iconic
Elvis Presley,Suspicious Minds,"We're caught in a _____, I can't walk out, because I love you too much baby",TRAP,"We're caught in a trap, I can't walk out, because I love you too much baby",Easy,Rock Iconic
David Bowie,Rebel Rebel,"You've got your _____ in a whirl, she's not sure if you're a boy or a girl",MOTHER,"You've got your mother in a whirl, she's not sure if you're a boy or a girl",Medium,Rock Iconic
George Thorogood,Bad to the Bone,On the day I was _____ the nurses all gathered 'round,BORN,On the day I was born the nurses all gathered 'round,Medium,Rock Iconic
Van Morrison,Moondance,It's a marvelous _____ for a moondance with the stars up above in your eyes,NIGHT,It's a marvelous night for a moondance with the stars up above in your eyes,Easy,Rock Iconic
Primal Scream,Rocks,Get your _____ off,ROCKS,Get your rocks off,Medium,Rock Iconic
ZZ Top,Tush,I'm _____ for some tush,LOOKING,I'm looking for some tush,Medium,Rock Iconic
R.E.M.,The One I Love,This one goes out to the one I _____,LOVE,This one goes out to the one I love,Easy,Rock Iconic
Bon Jovi,Always,I'll be there 'til the stars don't shine 'til the _____ burst and the words don't rhyme,HEAVENS,I'll be there 'til the stars don't shine 'til the heavens burst and the words don't rhyme,Easy,Rock Iconic
Black Sabbath,Iron Man,Has he _____ his mind?,LOST,Has he lost his mind?,Easy,Rock Iconic
Meat Loaf,I'd Do Anything for Love,I would do anything for love but I _____ do that,WONT,I would do anything for love but I won't do that,Easy,Rock Iconic
Green Day,Basket Case,Do you have the time to listen to me _____?,WHINE,Do you have the time to listen to me whine?,Easy,Rock Iconic
Chuck Berry,You Never Can Tell,"It was a teenage _____, and the old folks wished them well",WEDDING,"It was a teenage wedding, and the old folks wished them well",Medium,Rock Iconic
AC/DC,Back in Black,I'm back in black I hit the sack I've been too _____ I'm glad to be back,LONG,I'm back in black I hit the sack I've been too long I'm glad to be back,Easy,Rock Iconic
Lovin' Spoonful,Summer in the City,Hot town _____ in the city back of my neck getting dirty and gritty,SUMMER,Hot town summer in the city back of my neck getting dirty and gritty,Easy,Rock Iconic
Bruce Springsteen,Born in the U.S.A.,Born down in a dead _____ town the first kick I took was when I hit the ground,MANS,Born down in a dead man's town the first kick I took was when I hit the ground,Easy,Rock Iconic
The Kinks,You Really Got Me,"Girl, you really got me now, you got me so I don't know what I'm _____",DOIN,"Girl, you really got me now, you got me so I don't know what I'm doin'",Easy,Rock Iconic
Genesis,Jesus He Knows Me,Jesus he knows me and he _____ I'm right,KNOWS,Jesus he knows me and he knows I'm right,Medium,Rock Iconic
T. Rex,Get It On,Well you're dirty and sweet clad in _____ don't look back and I love you,BLACK,Well you're dirty and sweet clad in black don't look back and I love you,Medium,Rock Iconic
Gary Moore,Walking by Myself,I'm walking by _____,MYSELF,I'm walking by myself,Medium,Rock Iconic
Toto,Africa,I _____ the rains down in Africa,BLESS,I bless the rains down in Africa,Easy,Rock Iconic
Patti Smith,Because the Night,Because the night _____ to lovers,BELONGS,Because the night belongs to lovers,Medium,Rock Iconic
Rosendo,I Would Not Hesitate,I would not _____,HESITATE,I would not hesitate,Hard,Rock Iconic
Mountain,Mississippi Queen,Mississippi Queen you _____ what I mean,KNOW,Mississippi Queen you know what I mean,Medium,Rock Iconic
Helloween,I Want Out,I _____ out to live my life alone,WANT,I want out to live my life alone,Hard,Rock Iconic
MC5,Kick Out the Jams,Kick out the _____,JAMS,Kick out the jams,Medium,Rock Iconic
Ramones,Blitzkrieg Bop,Hey ho _____ go,LETS,Hey ho let's go,Easy,Rock Iconic
Chris Rea,The Road to Hell,On the _____ to hell,ROAD,On the road to hell,Medium,Rock Iconic
Queen,Innuendo,While we live according to _____ color or creed,RACE,While we live according to race color or creed,Hard,Rock Iconic
Judas Priest,United,United we stand _____ we fall,DIVIDED,United we stand divided we fall,Easy,Rock Iconic
Red Hot Chili Peppers,Give It Away,Give it _____ give it away give it away now,AWAY,Give it away give it away give it away now,Easy,Rock Iconic
Buzzcocks,Ever Fallen in Love,"Ever _____ in love with someone, you shouldn't've fallen in love with?",FALLEN,"Ever fallen in love with someone, you shouldn't've fallen in love with?",Easy,Rock Iconic
Motörhead,Born to Raise Hell,Born to raise _____,HELL,Born to raise hell,Medium,Rock Iconic
Golden Earring,Radar Love,"I've been _____ all night, my hand's wet on the wheel",DRIVIN,"I've been drivin' all night, my hand's wet on the wheel",Easy,Rock Iconic
The Sonics,Have Love Will Travel,Have love will _____,TRAVEL,Have love will travel,Medium,Rock Iconic
R.E.M.,Imitation of Life,That's sugar cane that _____ good,TASTED,That's sugar cane that tasted good,Medium,Rock Iconic
Platero y Tú,Behind the Bar,_____,ALUCINANTE,Alucinante,Hard,Rock Iconic
Steve Miller Band,Abracadabra,I'm gonna reach out and _____ ya,GRAB,I'm gonna reach out and grab ya,Easy,Rock Iconic
Midnight Oil,Beds Are Burning,How can we sleep while our beds are _____?,BURNING,How can we sleep while our beds are burning?,Easy,Rock Iconic
Marilyn Manson,Sweet Dreams (Are Made of This),Sweet dreams are made of this who am I to _____?,DISAGREE,Sweet dreams are made of this who am I to disagree?,Easy,Rock Iconic
Paul McCartney,Live and Let Die,_____ and let die,LIVE,Live and let die,Medium,Rock Iconic
Steve Miller Band,The Joker,"I'm a joker, I'm a smoker, I'm a _____ toker",MIDNIGHT,"I'm a joker, I'm a smoker, I'm a midnight toker",Easy,Rock Iconic
Queen,Too Much Love Will Kill You,Too _____ love will kill you,MUCH,Too much love will kill you,Medium,Rock Iconic
Gerry Rafferty,Baker Street,Winding your way _____ on Baker Street,DOWN,Winding your way down on Baker Street,Medium,Rock Iconic
Scorpions,No One Like You,"Girl, it's been a long time that _____ been gone",YOUVE,"Girl, it's been a long time that you've been gone",Medium,Rock Iconic
Status Quo,Whatever You Want,_____ you want whatever you like,WHATEVER,Whatever you want whatever you like,Easy,Rock Iconic
Stealers Wheel,Stuck in the Middle with You,Clowns to the left of me _____ to the right here I am stuck in the middle with you,JOKERS,Clowns to the left of me jokers to the right here I am stuck in the middle with you,Easy,Rock Iconic
The Trashmen,Surfin' Bird,Bird bird bird _____ is the word,BIRD,Bird bird bird bird is the word,Easy,Rock Iconic
The Beatles,A Hard Day's Night,It's been a _____ day's night and I've been working like a dog,HARD,It's been a hard day's night and I've been working like a dog,Easy,Rock Iconic
Tommy James & the Shondells,Mony Mony,Mony _____ mony mony,MONY,Mony mony mony mony,Easy,Rock Iconic
Iggy Pop,The Passenger,I am a passenger and I ride and I _____,RIDE,I am a passenger and I ride and I ride,Easy,Rock Iconic
Mark Knopfler,Going Home,Going _____,HOME,Going home,Hard,Rock Iconic
Lenny Kravitz,American Woman,_____ woman stay away from me,AMERICAN,American woman stay away from me,Easy,Rock Iconic
Bon Jovi,Bed of Roses,I _____ to lay you down in a bed of roses,WANT,I want to lay you down in a bed of roses,Easy,Rock Iconic
U2,With or Without You,I can't _____ with or without you,LIVE,I can't live with or without you,Easy,Rock Iconic
Texas,I Don't Want a Lover,I don't want a lover I just need a _____,FRIEND,I don't want a lover I just need a friend,Medium,Rock Iconic
The Sweet,Ballroom Blitz,And the man in the back is ready to _____,CRACK,And the man in the back is ready to crack,Medium,Rock Iconic
The Cranberries,Zombie,"In your head, in your head, zombie, zombie, _____",ZOMBIE,"In your head, in your head, zombie, zombie, zombie",Easy,Rock Iconic
Blur,Song 2,_____-hoo!,WHOO,Whoo-hoo!,Easy,Rock Iconic
Eric Clapton,I Shot the Sheriff,I shot the _____ but I did not shoot the deputy,SHERIFF,I shot the sheriff but I did not shoot the deputy,Easy,Rock Iconic
Rainbow,Since You Been Gone,"Since you been gone, I'm out of my head can't _____ it",TAKE,"Since you been gone, I'm out of my head can't take it",Easy,Rock Iconic
Bob Seger,Janey Don't Lose Your Heart,Janey don't lose your _____,HEART,Janey don't lose your heart,Medium,Rock Iconic
Weezer,Island in the Sun,On an island in the sun we'll be _____ and having fun,PLAYING,On an island in the sun we'll be playing and having fun,Easy,Rock Iconic
Guns N' Roses,Yesterdays,Yesterdays got _____ for me,NOTHIN,Yesterdays got nothin' for me,Medium,Rock Iconic
Queen,Bicycle Race,I want to ride my bicycle I _____ to ride my bike,WANT,I want to ride my bicycle I want to ride my bike,Easy,Rock Iconic
Queens of the Stone Age,Go with the Flow,I _____ something good to die for,WANT,I want something good to die for,Medium,Rock Iconic
Bon Jovi,Wanted Dead or Alive,I'm a cowboy on a steel _____ I ride,HORSE,I'm a cowboy on a steel horse I ride,Easy,Rock Iconic
Dire Straits,Walk of Life,He got the _____ he got the motion,ACTION,He got the action he got the motion,Easy,Rock Iconic
Eric Clapton,Tears in Heaven,Would you know my name if I saw you in _____?,HEAVEN,Would you know my name if I saw you in heaven?,Easy,Rock Iconic
Platero y Tú,There is Little Rock & Roll,Hay poco rock and _____,ROLL,Hay poco rock and roll,Hard,Rock Iconic
U2,Sweetest Thing,You're the _____ thing,SWEETEST,You're the sweetest thing,Medium,Rock Iconic
Bob Marley,Is This Love,Is this _____ that I'm feeling?,LOVE,Is this love that I'm feeling?,Easy,Rock Iconic
Supertramp,The Logical Song,When I was _____ it seemed that life was so wonderful,YOUNG,When I was young it seemed that life was so wonderful,Easy,Rock Iconic
Sabrina Carpenter,Espresso,"I'm working late, _____ I'm a singer",CAUSE,"I'm working late, 'cause I'm a singer",Easy,Pop 2024/25
Billie Eilish,Birds Of A Feather,Birds of a _____ we should stick together,FEATHER,Birds of a feather we should stick together,Easy,Pop 2024/25
Chappell Roan,Good Luck Babe!,You can kiss a _____ boys in bars,HUNDRED,You can kiss a hundred boys in bars,Medium,Pop 2024/25
Lady Gaga & Bruno Mars,Die With A Smile,"If the world was _____, I'd wanna be next to you",ENDING,"If the world was ending, I'd wanna be next to you",Easy,Pop 2024/25
Rosé & Bruno Mars,APT.,Kissy _____ kissy face / Sent to your phone,FACE,Kissy face kissy face / Sent to your phone,Easy,Pop 2024/25
Kendrick Lamar,Not Like Us,_____ you gotta pop out and show 'em,SOMETIMES,Sometimes you gotta pop out and show 'em,Medium,Pop 2024/25
Olivia Rodrigo,Vampire,"_____, fame fucker, bleeding me dry",BLOODSUCKER,"Bloodsucker, fame fucker, bleeding me dry",Easy,Pop 2024/25
Taylor Swift,Cruel Summer,"I love you, ain't that the worst _____ you ever heard?",THING,"I love you, ain't that the worst thing you ever heard?",Easy,Pop Iconic
Gracie Abrams,That's So True,You're the reason I'm not _____,SLEEPING,You're the reason I'm not sleeping,Medium,Pop 2024/25
Sabrina Carpenter,Taste,I heard you're back together and if that's _____,TRUE,I heard you're back together and if that's true,Medium,Pop 2024/25
Benson Boone,Beautiful Things,I _____ I don't lose you,HOPE,I hope I don't lose you,Easy,Pop 2024/25
The Weeknd & Playboi Carti,Timeless,I'm _____ I'm timeless,TIMELESS,I'm timeless I'm timeless,Medium,Pop 2024/25
Teddy Swims,Lose Control,I'm losing my _____ and I'm losing control,MIND,I'm losing my mind and I'm losing control,Easy,Pop 2024/25
Morgan Wallen,Love Somebody,I just _____ to love somebody,WANT,I just want to love somebody,Easy,Pop 2024/25
Post Malone ft. Morgan Wallen,I Had Some Help,It takes two to break a _____ in two,HEART,It takes two to break a heart in two,Easy,Pop 2024/25
Kendrick Lamar ft. SZA,Luther,_____ I do is for the light,EVERYTHING,Everything I do is for the light,Hard,Pop 2024/25
Shaboozey,A Bar Song (Tipsy),_____ pour me up a double shot of whiskey,SOMEONE,Someone pour me up a double shot of whiskey,Easy,Pop 2024/25
Gracie Abrams,I Love You I'm Sorry,I'm _____ that I'm like this,SORRY,I'm sorry that I'm like this,Medium,Pop 2024/25
Billie Eilish,Wildflower,Did I _____ the line?,CROSS,Did I cross the line?,Medium,Pop 2024/25
Chappell Roan,Pink Pony Club,I'm gonna keep on _____ at the Pink Pony Club,DANCING,I'm gonna keep on dancing at the Pink Pony Club,Easy,Pop 2024/25
Hozier,Too Sweet,I'll _____ my whiskey neat,TAKE,I'll take my whiskey neat,Medium,Pop 2024/25
Ariana Grande,We Can't Be Friends,_____ for your love,WAIT,Wait for your love,Easy,Pop 2024/25
Lola Young,Messy,I'm a mess but I'm _____ there,GETTING,I'm a mess but I'm getting there,Hard,Pop 2024/25
Gracie Abrams,Risk,God I'm a hazard to _____,MYSELF,God I'm a hazard to myself,Medium,Pop 2024/25
Sabrina Carpenter,Please Please Please,Heartbreak is one _____ my ego's another,THING,Heartbreak is one thing my ego's another,Easy,Pop 2024/25
Taylor Swift,I Can Do It With a Broken Heart,"I'm so depressed, I act like it's my _____",BIRTHDAY,"I'm so depressed, I act like it's my birthday",Easy,Pop 2024/25
Olivia Rodrigo,Obsessed,I'm _____ with your ex,OBSESSED,I'm obsessed with your ex,Medium,Pop 2024/25
Kendrick Lamar,Squabble Up,I'm the _____ of the city,KING,I'm the king of the city,Hard,Pop 2024/25
Billie Eilish,Lunch,I could eat that _____ for lunch,GIRL,I could eat that girl for lunch,Easy,Pop 2024/25
Sabrina Carpenter,Bed Chem,I've been _____ about your bed chem,THINKING,I've been thinking about your bed chem,Hard,Pop 2024/25
SZA,Saturn,I'll be on _____,SATURN,I'll be on Saturn,Medium,Pop 2024/25
Tate McRae,Greedy,"I would be greedy, greedy for your _____",LOVE,"I would be greedy, greedy for your love",Easy,Pop 2024/25
Billie Eilish,Chihiro,I don't know what I'm _____ for,WAITING,I don't know what I'm waiting for,Medium,Pop 2024/25
Taylor Swift,Fortnight,I love you it's ruining my _____,LIFE,I love you it's ruining my life,Easy,Pop 2024/25
Ariana Grande,The Boy Is Mine,The boy is _____,MINE,The boy is mine,Easy,Pop 2024/25
Charli XCX,Von Dutch,I'm just _____ that life,LIVING,I'm just living that life,Medium,Pop 2024/25
Chappell Roan,Casual,It's a _____ thing,CASUAL,It's a casual thing,Medium,Pop 2024/25
Noah Kahan,Stick Season,"I love Vermont, but it's the season of the _____",STICKS,"I love Vermont, but it's the season of the sticks",Medium,Pop 2024/25
Kendrick Lamar ft. Future,Like That,First person shooter _____,MODE,First person shooter mode,Hard,Pop 2024/25
Billie Eilish,Happier Than Ever,When I'm away from you I'm _____ than ever,HAPPIER,When I'm away from you I'm happier than ever,Easy,Pop Iconic
Olivia Rodrigo,Good 4 U,Good for you you look happy and _____,HEALTHY,Good for you you look happy and healthy,Easy,Pop Iconic
Sabrina Carpenter,Nonsense,I'm _____ nonsense,TALKING,I'm talking nonsense,Easy,Pop Iconic
Taylor Swift,Anti-Hero,"I'm the _____, it's me",PROBLEM,"I'm the problem, it's me",Easy,Pop Iconic
Harry Styles,As It Was,In this _____ it's just us,WORLD,In this world it's just us,Easy,Pop Iconic
Dua Lipa,Levitating,I'm _____,LEVITATING,I'm levitating,Easy,Pop Iconic
The Weeknd,Blinding Lights,"I'm blinded by the lights, no I can't sleep until I _____ your touch",FEEL,"I'm blinded by the lights, no I can't sleep until I feel your touch",Easy,Pop Iconic
Olivia Rodrigo,Brutal,"God, it's _____ out here",BRUTAL,"God, it's brutal out here",Medium,Pop Iconic
Sabrina Carpenter,Fast Times,_____ times and I'm living it up,FAST,Fast times and I'm living it up,Medium,Pop Iconic
Billie Eilish,What Was I Made For?,I used to float now I only _____,FALL,I used to float now I only fall,Easy,Pop Iconic
Ariana Grande,7 Rings,I see it I like it I _____ it I got it,WANT,I see it I like it I want it I got it,Easy,Pop Iconic
Taylor Swift,Shake It Off,"Haters gonna hate, hate, hate, hate, _____",HATE,"Haters gonna hate, hate, hate, hate, hate",Easy,Pop Iconic
Ed Sheeran,Shape of You,I'm in love with the _____ of you,SHAPE,I'm in love with the shape of you,Easy,Pop Iconic
Lady Gaga,Poker Face,"Can't read my, can't read my, no he can't read my _____ face",POKER,"Can't read my, can't read my, no he can't read my poker face",Easy,Pop Iconic
Beyoncé,Texas Hold 'Em,This ain't Texas ain't no _____ 'em,HOLD,This ain't Texas ain't no hold 'em,Easy,Pop Iconic
Sabrina Carpenter,Thumbs,_____ in the world a heart is breaking,SOMEWHERE,Somewhere in the world a heart is breaking,Medium,Pop Iconic
Kendrick Lamar,Humble,"Sit down, be _____",HUMBLE,"Sit down, be humble",Easy,Pop Iconic
Post Malone,Circles,_____ change and our love went cold,SEASONS,Seasons change and our love went cold,Easy,Pop Iconic
Dua Lipa,Don't Start Now,Don't show up don't _____ out,COME,Don't show up don't come out,Easy,Pop Iconic
Taylor Swift,Blank Space,"I've got a blank space, baby, and I'll write your _____",NAME,"I've got a blank space, baby, and I'll write your name",Easy,Pop Iconic
Chappell Roan,The Subway,I'm _____ the subway,RIDING,I'm riding the subway,Hard,Pop 2024/25
Kendrick Lamar ft. Lefty Gunplay,TV Off,I'm _____ the TV off,TURNING,I'm turning the TV off,Hard,Pop 2024/25
BigXthaPlug,The Largest,I'm the _____,LARGEST,I'm the largest,Hard,Pop 2024/25
Tate McRae,Sports Car,I'm _____ a sports car,DRIVING,I'm driving a sports car,Medium,Pop 2024/25
Justin Bieber,Daisies,I'm picking _____,DAISIES,I'm picking daisies,Medium,Pop 2024/25
Drake ft. PARTYNEXTDOOR,Die Trying,I'm gonna die _____,TRYING,I'm gonna die trying,Hard,Pop 2024/25
Alex Warren & Jelly Roll,Bloodline,It's in my _____,BLOODLINE,It's in my bloodline,Hard,Pop 2024/25
Sabrina Carpenter,Manchild,You're a _____,MANCHILD,You're a manchild,Medium,Pop 2024/25
Gracie Abrams,Baggage,I'm _____ baggage,CARRYING,I'm carrying baggage,Medium,Pop 2024/25
Billie Eilish,Blue,I'm feeling _____,BLUE,I'm feeling blue,Easy,Pop 2024/25
Ariana Grande,Eternal Sunshine,I'm living in eternal _____,SUNSHINE,I'm living in eternal sunshine,Medium,Pop 2024/25
Lady Gaga,Disease,I've got a _____,DISEASE,I've got a disease,Hard,Pop 2024/25
Sabrina Carpenter,Juno,I'm a _____,JUNO,I'm a Juno,Medium,Pop 2024/25
Chappell Roan,Supernova,I'm a _____,SUPERNOVA,I'm a supernova,Easy,Pop 2024/25
Kendrick Lamar,Hiss,I'm a _____,HISS,I'm a hiss,Hard,Pop 2024/25
Billie Eilish,Chihiro,I'm a _____,CHIHIRO,I'm a Chihiro,Medium,Pop 2024/25
Sabrina Carpenter,Taste,I'm a _____,TASTE,I'm a taste,Medium,Pop 2024/25
Gracie Abrams,Risk,I'm a _____,RISK,I'm a risk,Medium,Pop 2024/25
The Strokes,Last Nite,Last night she _____,SAID,Last night she said,Easy,Indie Iconic
The Strokes,Reptilia,"_____ don't slow me down, if I'm going too fast",PLEASE,"Please don't slow me down, if I'm going too fast",Easy,Indie Iconic
The Strokes,Someday,In many ways they'll miss the good old days someday _____,SOMEDAY,In many ways they'll miss the good old days someday someday,Easy,Indie Iconic
The Strokes,Hard to Explain,Was an _____ man asked me for the phone,HONEST,Was an honest man asked me for the phone,Medium,Indie Iconic
The Strokes,The Adults Are Talking,We are the _____ are talking,ADULTS,We are the adults are talking,Medium,Indie Iconic
Tame Impala,The Less I Know the Better,Someone said they _____ together I ran out the door to get her,LEFT,Someone said they left together I ran out the door to get her,Easy,Indie Iconic
Tame Impala,Let It Happen,It's gonna feel so good just let it _____,HAPPEN,It's gonna feel so good just let it happen,Easy,Indie Iconic
Tame Impala,Feels Like We Only Go Backwards,It feels like I only go _____ baby,BACKWARDS,It feels like I only go backwards baby,Easy,Indie Iconic
Tame Impala,Elephant,He pulled the mirrors off his Cadillac 'cause he _____ like it looking like he looks back,DOESNT,He pulled the mirrors off his Cadillac 'cause he doesn't like it looking like he looks back,Medium,Indie Iconic
Tame Impala,New Person Same Old Mistakes,I can just hear them now how could you let us _____?,DOWN,I can just hear them now how could you let us down?,Medium,Indie Iconic
Arctic Monkeys,I Wanna Be Yours,I wanna be your vacuum _____ breathing in your dust,CLEANER,I wanna be your vacuum cleaner breathing in your dust,Easy,AM Core
Arctic Monkeys,Do I Wanna Know?,Have you got colour in your _____?,CHEEKS,Have you got colour in your cheeks?,Easy,AM Core
Arctic Monkeys,505,I'm _____ back to 505,GOING,I'm going back to 505,Easy,AM Core
Arctic Monkeys,Fluorescent Adolescent,You used to get it in your fishnets now you only get it in your _____,NIGHTDRESS,You used to get it in your fishnets now you only get it in your nightdress,Easy,AM Core
Arctic Monkeys,R U Mine?,Are you _____ tomorrow or just mine tonight?,MINE,Are you mine tomorrow or just mine tonight?,Easy,AM Core
The Smiths,There Is a Light That Never Goes Out,To die by your side is such a _____ way to die,HEAVENLY,To die by your side is such a heavenly way to die,Medium,Indie Iconic
The Smiths,How Soon Is Now?,"I am the son and the heir, of a shyness that is _____ vulgar",CRIMINALLY,"I am the son and the heir, of a shyness that is criminally vulgar",Hard,Indie Iconic
The Cure,Boys Don't Cry,I would tell you that I loved you if I _____ that you would stay,THOUGHT,I would tell you that I loved you if I thought that you would stay,Easy,Indie Iconic
The Cure,Lovesong,Whenever I'm alone with you you make me _____ like I am home again,FEEL,Whenever I'm alone with you you make me feel like I am home again,Easy,Indie Iconic
The Killers,Somebody Told Me,Well somebody told me you had a boyfriend who looked like a _____ that I had in February of last year,GIRLFRIEND,Well somebody told me you had a boyfriend who looked like a girlfriend that I had in February of last year,Easy,Indie Iconic
The White Stripes,Seven Nation Army,A seven _____ army couldn't hold me back,NATION,A seven nation army couldn't hold me back,Easy,Indie Iconic
Radiohead,Karma Police,"_____ police, arrest this man",KARMA,"Karma police, arrest this man",Easy,Indie Iconic
Radiohead,No Surprises,"No alarms and no _____, please",SURPRISES,"No alarms and no surprises, please",Medium,Indie Iconic
Arcade Fire,Wake Up,We're just a million little gods _____ rain storms turning every good thing to rust,CAUSING,We're just a million little gods causing rain storms turning every good thing to rust,Medium,Indie Iconic
Arctic Monkeys,Why'd You Only Call Me When You're High?,I'm _____ to change your mind,TRYING,I'm trying to change your mind,Easy,AM Core
Arctic Monkeys,Mardy Bum,I've seen your frown and it's like looking down the _____ of a gun,BARREL,I've seen your frown and it's like looking down the barrel of a gun,Easy,AM Core
Arctic Monkeys,Arabella,Wraps her lips around a _____ Coke,MEXICAN,Wraps her lips around a Mexican Coke,Hard,AM Core
Arctic Monkeys,Cornerstone,I saw your sister in the _____,CORNERSTONE,I saw your sister in the Cornerstone,Medium,AM Core
Arctic Monkeys,Snap Out Of It,Under a spell you're _____,HYPNOTIZED,Under a spell you're hypnotized,Medium,AM Core
The Strokes,Ode to the Mets,The old ways of _____ are back,THINKING,The old ways of thinking are back,Hard,Indie Iconic
Tame Impala,Borderline,Will I be _____ and loved?,KNOWN,Will I be known and loved?,Medium,Indie Iconic
Tame Impala,Lost in Yesterday,If it _____ you embrace it,CALLS,If it calls you embrace it,Hard,Indie Iconic
The Strokes,Selfless,_____ don't be long,PLEASE,Please don't be long,Hard,Indie Iconic
Arctic Monkeys,Knee Socks,You got your knee _____ on,SOCKS,You got your knee socks on,Medium,AM Core
Arctic Monkeys,No. 1 Party Anthem,It's not like I'm falling in _____,LOVE,It's not like I'm falling in love,Hard,AM Core
Arctic Monkeys,Fireside,There's all these secrets that I _____ keep,CANT,There's all these secrets that I can't keep,Hard,AM Core
Arctic Monkeys,Teddy Picker,Who'd want to be men of the people when there's _____ like you?,PEOPLE,Who'd want to be men of the people when there's people like you?,Hard,AM Core
Arctic Monkeys,Crying Lightning,Your past times consisted of the strange and _____ and deranged,TWISTED,Your past times consisted of the strange and twisted and deranged,Hard,AM Core
Arctic Monkeys,Brianstorm,Top _____ for not trying,MARKS,Top marks for not trying,Easy,AM Core
Arctic Monkeys,Star Treatment,I just wanted to be one of the _____,STROKES,I just wanted to be one of the Strokes,Hard,AM Modern
Arctic Monkeys,Four Out Of Five,I put a _____ on the roof,TAQUERIA,I put a taqueria on the roof,Hard,AM Modern
Arctic Monkeys,There'd Better Be a Mirrorball,Don't get _____ that ain't like you,EMOTIONAL,Don't get emotional that ain't like you,Medium,AM Modern
Arctic Monkeys,Body Paint,There's still a trace of body _____ on your legs and on your arms,PAINT,There's still a trace of body paint on your legs and on your arms,Hard,AM Modern
Arctic Monkeys,The Car,_____ about how it used to be,THINKING,Thinking about how it used to be,Hard,AM Modern
Arctic Monkeys,Big Ideas,The orchestra's got us all _____,SURROUNDED,The orchestra's got us all surrounded,Hard,AM Modern
Arctic Monkeys,Hello You,I could pass for 17 if I just had a _____,SHAVE,I could pass for 17 if I just had a shave,Hard,AM Modern
Arctic Monkeys,Mr Schwartz,A little bit of Mr. _____ in the middle of a dream,SCHWARTZ,A little bit of Mr. Schwartz in the middle of a dream,Extreme,AM Modern
Arctic Monkeys,Perfect Sense,And if that's what it _____ to say goodnight,TAKES,And if that's what it takes to say goodnight,Medium,AM Modern
Arctic Monkeys,Stop The World I Wanna Get Off With You,I'm trying to _____ your mind,CHANGE,I'm trying to change your mind,Hard,AM B-Side
Arctic Monkeys,You're So Dark,I saw you driving your _____,PRIUS,I saw you driving your Prius,Extreme,AM B-Side
Arctic Monkeys,The Bakery,I'm sorry I was late I missed the _____,TRAIN,I'm sorry I was late I missed the train,Extreme,AM B-Side
Arctic Monkeys,Despair in the Departure Lounge,She's got her _____ in her pockets and she's looking at her feet,HANDS,She's got her hands in her pockets and she's looking at her feet,Hard,AM Deep Cut
Arctic Monkeys,No Buses,An _____ in your soul and you can't tell them why,ACHE,An ache in your soul and you can't tell them why,Hard,AM B-Side
Arctic Monkeys,Leave Before The Lights Come On,How can you wake up with _____ you don't love?,SOMEONE,How can you wake up with someone you don't love?,Medium,AM Single
Arctic Monkeys,Secret Door,Fools on parade _____ and fuck about,FROLIC,Fools on parade frolic and fuck about,Hard,AM Core
Arctic Monkeys,The Hellcat Spangled Shalalala,Her steady _____ may well have done the devil's pedicure,HANDS,Her steady hands may well have done the devil's pedicure,Hard,AM Core
Arctic Monkeys,Piledriver Waltz,If you're gonna try and walk on water make sure you wear your _____ shoes,COMFORTABLE,If you're gonna try and walk on water make sure you wear your comfortable shoes,Medium,AM Core
Arctic Monkeys,Pretty Visitors,All the pretty visitors came and _____ their arms,WAVED,All the pretty visitors came and waved their arms,Hard,AM Core
Arctic Monkeys,Dance Little Liar,Have you got itchy _____?,BONES,Have you got itchy bones?,Hard,AM Core
Arctic Monkeys,The Jeweller's Hands,_____ his exit was like falling off the ferry in the night,WATCHING,Watching his exit was like falling off the ferry in the night,Extreme,AM Core
Arctic Monkeys,Evil Twin,He's the _____ of the keys and he's gonna let me in,KEEPER,He's the keeper of the keys and he's gonna let me in,Hard,AM B-Side
Arctic Monkeys,Blond-O-Sonic Shimmer Trap,She _____ like fun,LOOKS,She looks like fun,Extreme,AM B-Side
Arctic Monkeys,Science Fiction,Mass _____ on a not too distant future colony,PANIC,Mass panic on a not too distant future colony,Hard,AM Modern
Arctic Monkeys,One for the Road,One for the _____ ooh,ROAD,One for the road ooh,Easy,AM Core
Arctic Monkeys,Fake Tales of San Francisco,You're not from New York City you're from _____,ROTHERHAM,You're not from New York City you're from Rotherham,Medium,AM Core
Arctic Monkeys,The View From The Afternoon,_____ has the habit to set you up,ANTICIPATION,Anticipation has the habit to set you up,Medium,AM Core
Arctic Monkeys,When The Sun Goes Down,And he told _____ to put on her red light,ROXANNE,And he told Roxanne to put on her red light,Medium,AM Core
Arctic Monkeys,Only Ones Who Know,And I hope you're holding _____ by New Year's Eve,HANDS,And I hope you're holding hands by New Year's Eve,Hard,AM Core
Arctic Monkeys,Do Me a Favour,To tear _____ the ties that bind perhaps fuck off might be too kind,APART,To tear apart the ties that bind perhaps fuck off might be too kind,Hard,AM Core
Arctic Monkeys,If You Were There Beware,The circle of snakes with their _____ on the prize,MINDS,The circle of snakes with their minds on the prize,Extreme,AM Core
Arctic Monkeys,Batphone,I've recognized the glow of your low _____ numerous times,BEAMS,I've recognized the glow of your low beams numerous times,Extreme,AM Modern
Arctic Monkeys,I Wanna Be Yours,Secrets I have _____ in my heart are harder to hide than I thought,HELD,Secrets I have held in my heart are harder to hide than I thought,Easy,AM Core
Arctic Monkeys,Knee Socks,You got your knee socks on and you're _____ like you like the help,LOOKIN,You got your knee socks on and you're lookin' like you like the help,Medium,AM Core
Arctic Monkeys,Potion Approaching,Would you like me to _____ you a go-kart?,BUILD,Would you like me to build you a go-kart?,Extreme,AM Core
Arctic Monkeys,Library Pictures,I'm in a _____,VEST,I'm in a vest,Extreme,AM Core
Arctic Monkeys,One Point Perspective,Dancing in my underpants I'm gonna run for _____,GOVERNMENT,Dancing in my underpants I'm gonna run for government,Medium,AM Modern
Arctic Monkeys,Tranquility Base Hotel & Casino,_____ in the day spa filling out the information form,JESUS,Jesus in the day spa filling out the information form,Hard,AM Modern
Arctic Monkeys,American Sports,Emergency _____ pack Just in time for my weekly chat,BATTERY,Emergency battery pack Just in time for my weekly chat,Hard,AM Modern
Arctic Monkeys,Golden Trunks,The _____ of the night-shift,KING,The king of the night-shift,Extreme,AM Modern
Arctic Monkeys,She Looks Like Fun,_____,CHEESEBURGER,Cheeseburger,Extreme,AM Modern
Arctic Monkeys,The Ultracheese,I've done some things that I _____ have done,SHOULDNT,I've done some things that I shouldn't have done,Medium,AM Modern
Arctic Monkeys,I Ain't Quite Where I Think I Am,_____ keyboard patches,FREAKY,Freaky keyboard patches,Hard,AM Modern
Arctic Monkeys,Sculptures of Anything Goes,Blank _____ white noise,CANVAS,Blank canvas white noise,Hard,AM Modern
Arctic Monkeys,Jet Skis on the Moat,Is there something on your _____?,MIND,Is there something on your mind?,Extreme,AM Modern
Arctic Monkeys,Big Ideas,The _____ got us all surrounded,ORCHESTRAS,The orchestra's got us all surrounded,Hard,AM Modern
Arctic Monkeys,Hello You,I could pass for 17 if I just had a _____,SHAVE,I could pass for 17 if I just had a shave,Hard,AM Modern
Arctic Monkeys,Mr Schwartz,A little bit of Mr. Schwartz in the _____ of a dream,MIDDLE,A little bit of Mr. Schwartz in the middle of a dream,Extreme,AM Modern
Arctic Monkeys,Perfect Sense,And if that's what it takes to say _____,GOODNIGHT,And if that's what it takes to say goodnight,Medium,AM Modern
Arctic Monkeys,Stickin To The Floor,Not one of you has got an ounce of _____ in ya,STYLE,Not one of you has got an ounce of style in ya,Hard,AM B-Side
Arctic Monkeys,Matador,The circle of _____,SNAKES,The circle of snakes,Extreme,AM B-Side
Arctic Monkeys,Nettles,He's got a head like a _____,NETTLE,He's got a head like a nettle,Extreme,AM B-Side
Arctic Monkeys,Joining the Dots,If you're gonna try and walk on _____,WATER,If you're gonna try and walk on water,Extreme,AM B-Side
Arctic Monkeys,The Afternoon's Hat,Watching his exit was like _____ off the ferry,FALLING,Watching his exit was like falling off the ferry,Extreme,AM B-Side
Arctic Monkeys,Fright Lined Dining Room,The clock's on the _____ They're not working at all,WALL,The clock's on the wall They're not working at all,Extreme,AM B-Side
Arctic Monkeys,Don't Forget Whose Legs You're On,The sky's a pale blue _____,ORCHID,The sky's a pale blue orchid,Extreme,AM B-Side
Arctic Monkeys,Plastic Tramp,He's a _____ tramp,PLASTIC,He's a plastic tramp,Extreme,AM B-Side
Arctic Monkeys,Red Lights Indicate Doors Are Secure,I've been for breakfast at the Heartbreak _____,HOTEL,I've been for breakfast at the Heartbreak Hotel,Medium,AM Core
Arctic Monkeys,Riot Van,And you're starting to _____ me baby,BORE,And you're starting to bore me baby,Medium,AM Core
Arctic Monkeys,From the Ritz to the Rubble,Well the morning was _____ where there were tears on the steering wheel,COMPLETE,Well the morning was complete where there were tears on the steering wheel,Hard,AM Core
Arctic Monkeys,D Is For Dangerous,He _____ what he wanted and he went out and got it,KNEW,He knew what he wanted and he went out and got it,Medium,AM Core
Arctic Monkeys,Balaclava,It's the same old _____,STORY,It's the same old story,Hard,AM Core
Arctic Monkeys,The Bad Thing,Do the Macarena in the _____ lair,DEVILS,Do the Macarena in the Devil's lair,Extreme,AM Core
Arctic Monkeys,Old Yellow Bricks,Houdini love you don't know what you're _____ away from,RUNNING,Houdini love you don't know what you're running away from,Medium,AM Core
Arctic Monkeys,She's Thunderstorms,Lying on her front up _____ the wall,AGAINST,Lying on her front up against the wall,Medium,AM Core
Arctic Monkeys,Reckless Serenade,When she laughs the heavens hum A _____ gun lullaby,STUN,When she laughs the heavens hum A stun gun lullaby,Hard,AM Core
Arctic Monkeys,Brianstorm,Top _____ for not trying,MARKS,Top marks for not trying,Easy,AM Core
Arctic Monkeys,My Propeller,_____ the beak of a bald eagle,BORROW,Borrow the beak of a bald eagle,Hard,AM Core
Arctic Monkeys,Black Treacle,You look like you've been for _____ at the Heartbreak Hotel,BREAKFAST,You look like you've been for breakfast at the Heartbreak Hotel,Medium,AM Core
Arctic Monkeys,Suck It And See,You're rarer than a can of _____ and Burdock,DANDELION,You're rarer than a can of Dandelion and Burdock,Medium,AM Core
Arctic Monkeys,One For The Road,So we all go back to yours and you _____ me solve my problems,HELP,So we all go back to yours and you help me solve my problems,Medium,AM Core
Arctic Monkeys,Arabella,Wraps her lips _____ a Mexican Coke,AROUND,Wraps her lips around a Mexican Coke,Hard,AM Core
Arctic Monkeys,Fireside,And I can't _____ to make it through the day without thinking of you lately,MANAGE,And I can't manage to make it through the day without thinking of you lately,Hard,AM Core
Arctic Monkeys,Knee Socks,When the zero _____ comes a-knocking,LINE,When the zero line comes a-knocking,Hard,AM Core
Arctic Monkeys,Science Fiction,I've got the world on a _____,WIRE,I've got the world on a wire,Hard,AM Modern
Arctic Monkeys,Star Treatment,Maybe I was a _____ too wild in the 70s,LITTLE,Maybe I was a little too wild in the 70s,Hard,AM Modern
Arctic Monkeys,One Point Perspective,I've been _____ of things that I shouldn't have been,THINKING,I've been thinking of things that I shouldn't have been,Medium,AM Modern
Arctic Monkeys,American Sports,The training is over and the _____ stuff begins,REAL,The training is over and the real stuff begins,Hard,AM Modern
Arctic Monkeys,The Car,_____ about how it used to be,THINKING,Thinking about how it used to be,Hard,AM Modern
Arctic Monkeys,Body Paint,Straight from the _____ of a magazine,COVER,Straight from the cover of a magazine,Hard,AM Modern
Arctic Monkeys,Mr Schwartz,He's got the _____ on a string,WORLD,He's got the world on a string,Extreme,AM Modern
Arctic Monkeys,Big Ideas,The band was f-ing _____ and I'm not sorry,WANK,The band was f-ing wank and I'm not sorry,Hard,AM Modern
Arctic Monkeys,Hello You,I could pass for 17 if I just had a _____,SHAVE,I could pass for 17 if I just had a shave,Hard,AM Modern
Arctic Monkeys,Perfect Sense,And if that's what it takes to say _____,GOODNIGHT,And if that's what it takes to say goodnight,Medium,AM Modern
Arctic Monkeys,Da Frame 2R,I'm the king of the _____,ROAD,I'm the king of the road,Extreme,AM B-Side
Arctic Monkeys,Sketchead,He's a sketch _____,HEAD,He's a sketch head,Extreme,AM B-Side
Arctic Monkeys,Too Much To Ask,The best you ever had is just a _____,MEMORY,The best you ever had is just a memory,Hard,AM B-Side
Arctic Monkeys,Temptation Greets You Like Your Naughty Friend,A bit of a mess but I'm _____ there,GETTING,A bit of a mess but I'm getting there,Hard,AM B-Side
Arctic Monkeys,What If You Were Right The First Time?,I'm not _____ if I want to know,SURE,I'm not sure if I want to know,Extreme,AM B-Side
Arctic Monkeys,7,I'm the _____ of the world,KING,I'm the king of the world,Extreme,AM B-Side
Arctic Monkeys,Baby I'm Yours,I'll be yours until the _____ fall from the sky,STARS,I'll be yours until the stars fall from the sky,Medium,AM B-Side
Arctic Monkeys,Bad Woman,She's a bad woman but I _____ her,LOVE,She's a bad woman but I love her,Extreme,AM B-Side
Arctic Monkeys,Cigarette Smoker Fiona,I'm a cigarette smoker _____,FIONA,I'm a cigarette smoker Fiona,Hard,AM B-Side
Arctic Monkeys,Electricity,_____ the one for me,YOURE,You're the one for me,Extreme,AM B-Side
Arctic Monkeys,Nettles,He's got a head like a _____,NETTLE,He's got a head like a nettle,Extreme,AM B-Side
Arctic Monkeys,Red Right Hand,He's got a red _____ hand,RIGHT,He's got a red right hand,Hard,AM B-Side
Arctic Monkeys,Stop The World I Wanna Get Off With You,I'm trying to _____ your mind,CHANGE,I'm trying to change your mind,Hard,AM B-Side
Arctic Monkeys,You're So Dark,I saw you _____ your Prius,DRIVING,I saw you driving your Prius,Extreme,AM B-Side
Arctic Monkeys,The Afternoon's Hat,_____ his exit was like falling off the ferry,WATCHING,Watching his exit was like falling off the ferry,Extreme,AM B-Side
Arctic Monkeys,Joining the Dots,If you're gonna try and walk on _____,WATER,If you're gonna try and walk on water,Extreme,AM B-Side
Arctic Monkeys,Don't Forget Whose Legs You're On,The _____ a pale blue orchid,SKYS,The sky's a pale blue orchid,Extreme,AM B-Side
Arctic Monkeys,Fright Lined Dining Room,The _____ on the wall,CLOCKS,The clock's on the wall,Extreme,AM B-Side
Arctic Monkeys,Little Illusion Machine,I'm a little illusion _____,MACHINE,I'm a little illusion machine,Extreme,AM B-Side
Arctic Monkeys,Matador,The _____ of snakes,CIRCLE,The circle of snakes,Extreme,AM B-Side
Arctic Monkeys,Anyways,I'm just _____ about you,THINKING,I'm just thinking about you,Hard,AM Modern
Arctic Monkeys,The Ultracheese,I've done some things that I _____ have done,SHOULDNT,I've done some things that I shouldn't have done,Medium,AM Modern
Arctic Monkeys,Science Fiction,I've got the _____ on a wire,WORLD,I've got the world on a wire,Hard,AM Modern
Arctic Monkeys,One Point Perspective,Dancing in my _____,UNDERPANTS,Dancing in my underpants,Medium,AM Modern
Arctic Monkeys,American Sports,_____ battery pack,EMERGENCY,Emergency battery pack,Hard,AM Modern
Arctic Monkeys,Golden Trunks,The king of the _____-shift,NIGHT,The king of the night-shift,Extreme,AM Modern
Arctic Monkeys,Star Treatment,I just wanted to be one of the _____,STROKES,I just wanted to be one of the Strokes,Hard,AM Modern
Arctic Monkeys,Four Out Of Five,I put a _____ on the roof,TAQUERIA,I put a taqueria on the roof,Hard,AM Modern
Arctic Monkeys,There'd Better Be a Mirrorball,Don't get _____ that ain't like you,EMOTIONAL,Don't get emotional that ain't like you,Medium,AM Modern
Arctic Monkeys,Body Paint,There's still a _____ of body paint on your legs and on your arms,TRACE,There's still a trace of body paint on your legs and on your arms,Hard,AM Modern
Arctic Monkeys,The Car,_____ about how it used to be,THINKING,Thinking about how it used to be,Hard,AM Modern
Arctic Monkeys,Big Ideas,The _____ got us all surrounded,ORCHESTRAS,The orchestra's got us all surrounded,Hard,AM Modern
Arctic Monkeys,Hello You,I could _____ for 17 if I just had a shave,PASS,I could pass for 17 if I just had a shave,Hard,AM Modern
Arctic Monkeys,Mr Schwartz,A _____ bit of Mr. Schwartz in the middle of a dream,LITTLE,A little bit of Mr. Schwartz in the middle of a dream,Extreme,AM Modern
Arctic Monkeys,Perfect Sense,And if that's what it takes to say _____,GOODNIGHT,And if that's what it takes to say goodnight,Medium,AM Modern
Arctic Monkeys,Stickin To The Floor,Not one of you has got an ounce of _____ in ya,STYLE,Not one of you has got an ounce of style in ya,Hard,AM B-Side
Arctic Monkeys,Despair in the Departure Lounge,She's got her hands in her _____ and she's looking at her feet,POCKETS,She's got her hands in her pockets and she's looking at her feet,Hard,AM Deep Cut
Arctic Monkeys,Why'd You Only Call Me When You're High?,Now it's three in the morning and I'm trying to _____ your mind,CHANGE,Now it's three in the morning and I'm trying to change your mind,Easy,AM Core
Arctic Monkeys,Do I Wanna Know?,Been wondering if your _____ still open,HEARTS,Been wondering if your heart's still open,Easy,AM Core
Arctic Monkeys,R U Mine?,She's a silver _____ climbing on my desire,LINING,She's a silver lining climbing on my desire,Medium,AM Core
Arctic Monkeys,505,I _____ completely when you cry,CRUMBLE,I crumble completely when you cry,Easy,AM Core
Arctic Monkeys,Fluorescent Adolescent,The _____ you ever had is just a memory,BEST,The best you ever had is just a memory,Easy,AM Core
Arctic Monkeys,Mardy Bum,I've seen your frown and it's like _____ down the barrel of a gun,LOOKING,I've seen your frown and it's like looking down the barrel of a gun,Easy,AM Core
Arctic Monkeys,Arabella,The horizon tries but it's just not as kind on the _____,EYES,The horizon tries but it's just not as kind on the eyes,Medium,AM Core
Arctic Monkeys,Cornerstone,I saw your sister in the _____,CORNERSTONE,I saw your sister in the Cornerstone,Medium,AM Core
Arctic Monkeys,Crying Lightning,Your past times consisted of the strange and _____ and deranged,TWISTED,Your past times consisted of the strange and twisted and deranged,Hard,AM Core
Arctic Monkeys,Snap Out Of It,Under a spell you're _____,HYPNOTIZED,Under a spell you're hypnotized,Medium,AM Core
Arctic Monkeys,No. 1 Party Anthem,It's not like I'm _____ in love,FALLING,It's not like I'm falling in love,Hard,AM Core
Arctic Monkeys,Fireside,There's all these secrets that I _____ keep,CANT,There's all these secrets that I can't keep,Hard,AM Core
Arctic Monkeys,A Certain Romance,Perhaps fuck off might be too _____,KIND,Perhaps fuck off might be too kind,Hard,AM Core
Arctic Monkeys,Teddy Picker,Who'd _____ to be men of the people when there's people like you?,WANT,Who'd want to be men of the people when there's people like you?,Hard,AM Core
Arctic Monkeys,Crying Lightning,Your _____ times consisted of the strange and twisted and deranged,PAST,Your past times consisted of the strange and twisted and deranged,Hard,AM Core
Arctic Monkeys,Brianstorm,Top _____ for not trying,MARKS,Top marks for not trying,Easy,AM Core
Arctic Monkeys,Star Treatment,I just _____ to be one of the Strokes,WANTED,I just wanted to be one of the Strokes,Hard,AM Modern
Arctic Monkeys,Four Out Of Five,I put a _____ on the roof,TAQUERIA,I put a taqueria on the roof,Hard,AM Modern
Arctic Monkeys,There'd Better Be a Mirrorball,Don't get _____ that ain't like you,EMOTIONAL,Don't get emotional that ain't like you,Medium,AM Modern
Arctic Monkeys,Body Paint,There's still a _____ of body paint on your legs and on your arms,TRACE,There's still a trace of body paint on your legs and on your arms,Hard,AM Modern
Arctic Monkeys,The Car,_____ about how it used to be,THINKING,Thinking about how it used to be,Hard,AM Modern
Arctic Monkeys,Big Ideas,The orchestra's got us all _____,SURROUNDED,The orchestra's got us all surrounded,Hard,AM Modern
Arctic Monkeys,Hello You,I could _____ for 17 if I just had a shave,PASS,I could pass for 17 if I just had a shave,Hard,AM Modern
Arctic Monkeys,Mr Schwartz,A little bit of Mr. Schwartz in the _____ of a dream,MIDDLE,A little bit of Mr. Schwartz in the middle of a dream,Extreme,AM Modern
Arctic Monkeys,Perfect Sense,And if that's what it takes to say _____,GOODNIGHT,And if that's what it takes to say goodnight,Medium,AM Modern
Arctic Monkeys,Stop The World I Wanna Get Off With You,I'm _____ to change your mind,TRYING,I'm trying to change your mind,Hard,AM B-Side
Arctic Monkeys,You're So Dark,I saw you driving your _____,PRIUS,I saw you driving your Prius,Extreme,AM B-Side
Arctic Monkeys,The Bakery,I'm sorry I was late I missed the _____,TRAIN,I'm sorry I was late I missed the train,Extreme,AM B-Side
Arctic Monkeys,Despair in the Departure Lounge,She's got her _____ in her pockets and she's looking at her feet,HANDS,She's got her hands in her pockets and she's looking at her feet,Hard,AM Deep Cut
Arctic Monkeys,No Buses,An _____ in your soul and you can't tell them why,ACHE,An ache in your soul and you can't tell them why,Hard,AM B-Side
Arctic Monkeys,Leave Before The Lights Come On,How can you wake up with _____ you don't love?,SOMEONE,How can you wake up with someone you don't love?,Medium,AM Single
Arctic Monkeys,Secret Door,Fools on parade _____ and fuck about,FROLIC,Fools on parade frolic and fuck about,Hard,AM Core
Arctic Monkeys,The Hellcat Spangled Shalalala,Her steady hands may well have done the devil's _____,PEDICURE,Her steady hands may well have done the devil's pedicure,Hard,AM Core
Arctic Monkeys,Piledriver Waltz,If you're gonna try and walk on water make sure you _____ your comfortable shoes,WEAR,If you're gonna try and walk on water make sure you wear your comfortable shoes,Medium,AM Core
Arctic Monkeys,Pretty Visitors,All the pretty visitors came and _____ their arms,WAVED,All the pretty visitors came and waved their arms,Hard,AM Core
Arctic Monkeys,Dance Little Liar,Have you got _____ bones?,ITCHY,Have you got itchy bones?,Hard,AM Core
Arctic Monkeys,The Jeweller's Hands,Watching his exit was like falling off the _____ in the night,FERRY,Watching his exit was like falling off the ferry in the night,Extreme,AM Core
Arctic Monkeys,Evil Twin,He's the _____ of the keys and he's gonna let me in,KEEPER,He's the keeper of the keys and he's gonna let me in,Hard,AM B-Side
Arctic Monkeys,Blond-O-Sonic Shimmer Trap,She _____ like fun,LOOKS,She looks like fun,Extreme,AM B-Side
Arctic Monkeys,Science Fiction,Mass panic on a not too distant _____ colony,FUTURE,Mass panic on a not too distant future colony,Hard,AM Modern
Arctic Monkeys,One for the Road,One for the _____ ooh,ROAD,One for the road ooh,Easy,AM Core
Arctic Monkeys,Fake Tales of San Francisco,You're not from New York City you're from _____,ROTHERHAM,You're not from New York City you're from Rotherham,Medium,AM Core
Arctic Monkeys,The View From The Afternoon,_____ has the habit to set you up,ANTICIPATION,Anticipation has the habit to set you up,Medium,AM Core
Arctic Monkeys,When The Sun Goes Down,And he told Roxanne to put on her red _____,LIGHT,And he told Roxanne to put on her red light,Medium,AM Core
Arctic Monkeys,Only Ones Who Know,And I hope you're holding hands by New _____ Eve,YEARS,And I hope you're holding hands by New Year's Eve,Hard,AM Core
Arctic Monkeys,Do Me a Favour,To tear apart the _____ that bind perhaps fuck off might be too kind,TIES,To tear apart the ties that bind perhaps fuck off might be too kind,Hard,AM Core
Arctic Monkeys,If You Were There Beware,The circle of _____ with their minds on the prize,SNAKES,The circle of snakes with their minds on the prize,Extreme,AM Core
Arctic Monkeys,Batphone,I've _____ the glow of your low beams numerous times,RECOGNIZED,I've recognized the glow of your low beams numerous times,Extreme,AM Modern
Arctic Monkeys,I Wanna Be Yours,Secrets I have held in my heart are _____ to hide than I thought,HARDER,Secrets I have held in my heart are harder to hide than I thought,Easy,AM Core
Arctic Monkeys,Knee Socks,You got your knee _____ on and you're lookin' like you like the help,SOCKS,You got your knee socks on and you're lookin' like you like the help,Medium,AM Core
Arctic Monkeys,Potion Approaching,Would you like me to build you a go-_____?,KART,Would you like me to build you a go-kart?,Extreme,AM Core
Arctic Monkeys,Library Pictures,I'm in a _____,VEST,I'm in a vest,Extreme,AM Core
Arctic Monkeys,One Point Perspective,_____ in my underpants I'm gonna run for government,DANCING,Dancing in my underpants I'm gonna run for government,Medium,AM Modern
Arctic Monkeys,Tranquility Base Hotel & Casino,Jesus in the day spa filling out the information _____,FORM,Jesus in the day spa filling out the information form,Hard,AM Modern
Arctic Monkeys,American Sports,Emergency battery pack Just in _____ for my weekly chat,TIME,Emergency battery pack Just in time for my weekly chat,Hard,AM Modern
Arctic Monkeys,Golden Trunks,The king of the night-_____,SHIFT,The king of the night-shift,Extreme,AM Modern
Arctic Monkeys,She Looks Like Fun,_____,CHEESEBURGER,Cheeseburger,Extreme,AM Modern
Arctic Monkeys,The Ultracheese,I've done some things that I _____ have done,SHOULDNT,I've done some things that I shouldn't have done,Medium,AM Modern
Arctic Monkeys,I Ain't Quite Where I Think I Am,Freaky keyboard _____,PATCHES,Freaky keyboard patches,Hard,AM Modern
Arctic Monkeys,Sculptures of Anything Goes,Blank canvas white _____,NOISE,Blank canvas white noise,Hard,AM Modern
Arctic Monkeys,Jet Skis on the Moat,Is there _____ on your mind?,SOMETHING,Is there something on your mind?,Extreme,AM Modern
Arctic Monkeys,Big Ideas,The orchestra's got us all _____,SURROUNDED,The orchestra's got us all surrounded,Hard,AM Modern
Arctic Monkeys,Hello You,I could pass for 17 if I just had a _____,SHAVE,I could pass for 17 if I just had a shave,Hard,AM Modern
Arctic Monkeys,Mr Schwartz,A little bit of Mr. _____ in the middle of a dream,SCHWARTZ,A little bit of Mr. Schwartz in the middle of a dream,Extreme,AM Modern
Arctic Monkeys,Perfect Sense,And if that's what it takes to say _____,GOODNIGHT,And if that's what it takes to say goodnight,Medium,AM Modern
Arctic Monkeys,Stickin To The Floor,Not one of you has got an ounce of _____ in ya,STYLE,Not one of you has got an ounce of style in ya,Hard,AM B-Side
Arctic Monkeys,Matador,The _____ of snakes,CIRCLE,The circle of snakes,Extreme,AM B-Side
Arctic Monkeys,Nettles,He's got a head like a _____,NETTLE,He's got a head like a nettle,Extreme,AM B-Side
Arctic Monkeys,Joining the Dots,If you're gonna try and walk on _____,WATER,If you're gonna try and walk on water,Extreme,AM B-Side
Arctic Monkeys,The Afternoon's Hat,_____ his exit was like falling off the ferry,WATCHING,Watching his exit was like falling off the ferry,Extreme,AM B-Side
Arctic Monkeys,Fright Lined Dining Room,The clock's on the wall They're not _____ at all,WORKING,The clock's on the wall They're not working at all,Extreme,AM B-Side
Arctic Monkeys,Don't Forget Whose Legs You're On,The sky's a _____ blue orchid,PALE,The sky's a pale blue orchid,Extreme,AM B-Side
Arctic Monkeys,Plastic Tramp,He's a _____ tramp,PLASTIC,He's a plastic tramp,Extreme,AM B-Side
Arctic Monkeys,Red Lights Indicate Doors Are Secure,I've been for breakfast at the _____ Hotel,HEARTBREAK,I've been for breakfast at the Heartbreak Hotel,Medium,AM Core
Arctic Monkeys,Riot Van,And you're _____ to bore me baby,STARTING,And you're starting to bore me baby,Medium,AM Core
Arctic Monkeys,From the Ritz to the Rubble,Well the _____ was complete where there were tears on the steering wheel,MORNING,Well the morning was complete where there were tears on the steering wheel,Hard,AM Core
Arctic Monkeys,D Is For Dangerous,He knew what he wanted and he _____ out and got it,WENT,He knew what he wanted and he went out and got it,Medium,AM Core
Arctic Monkeys,Balaclava,It's the same old _____,STORY,It's the same old story,Hard,AM Core
Arctic Monkeys,The Bad Thing,Do the _____ in the Devil's lair,MACARENA,Do the Macarena in the Devil's lair,Extreme,AM Core
Arctic Monkeys,Old Yellow Bricks,Houdini love you don't know what you're _____ away from,RUNNING,Houdini love you don't know what you're running away from,Medium,AM Core
Arctic Monkeys,She's Thunderstorms,Lying on her _____ up against the wall,FRONT,Lying on her front up against the wall,Medium,AM Core
Arctic Monkeys,Reckless Serenade,When she laughs the heavens hum A stun gun _____,LULLABY,When she laughs the heavens hum A stun gun lullaby,Hard,AM Core
Arctic Monkeys,Brianstorm,Top marks for not _____,TRYING,Top marks for not trying,Easy,AM Core
Arctic Monkeys,My Propeller,_____ the beak of a bald eagle,BORROW,Borrow the beak of a bald eagle,Hard,AM Core
Arctic Monkeys,Black Treacle,You _____ like you've been for breakfast at the Heartbreak Hotel,LOOK,You look like you've been for breakfast at the Heartbreak Hotel,Medium,AM Core
Arctic Monkeys,Suck It And See,You're rarer than a can of Dandelion and _____,BURDOCK,You're rarer than a can of Dandelion and Burdock,Medium,AM Core
Arctic Monkeys,One For The Road,So we all go back to _____ and you help me solve my problems,YOURS,So we all go back to yours and you help me solve my problems,Medium,AM Core
Arctic Monkeys,Arabella,Wraps her lips around a _____ Coke,MEXICAN,Wraps her lips around a Mexican Coke,Hard,AM Core
Arctic Monkeys,Fireside,And I can't manage to make it through the day _____ thinking of you lately,WITHOUT,And I can't manage to make it through the day without thinking of you lately,Hard,AM Core
Arctic Monkeys,Knee Socks,When the zero line comes a-_____,KNOCKING,When the zero line comes a-knocking,Hard,AM Core
Arctic Monkeys,Science Fiction,I've got the world on a _____,WIRE,I've got the world on a wire,Hard,AM Modern
Arctic Monkeys,Star Treatment,Maybe I was a _____ too wild in the 70s,LITTLE,Maybe I was a little too wild in the 70s,Hard,AM Modern
Arctic Monkeys,One Point Perspective,I've been thinking of _____ that I shouldn't have been,THINGS,I've been thinking of things that I shouldn't have been,Medium,AM Modern
Arctic Monkeys,American Sports,The training is over and the real stuff _____,BEGINS,The training is over and the real stuff begins,Hard,AM Modern
Arctic Monkeys,The Car,_____ about how it used to be,THINKING,Thinking about how it used to be,Hard,AM Modern
Arctic Monkeys,Body Paint,_____ from the cover of a magazine,STRAIGHT,Straight from the cover of a magazine,Hard,AM Modern
Arctic Monkeys,Mr Schwartz,He's got the world on a _____,STRING,He's got the world on a string,Extreme,AM Modern
Arctic Monkeys,Big Ideas,The band was f-ing _____ and I'm not sorry,WANK,The band was f-ing wank and I'm not sorry,Hard,AM Modern
Arctic Monkeys,Hello You,I could pass for 17 if I just had a _____,SHAVE,I could pass for 17 if I just had a shave,Hard,AM Modern
Arctic Monkeys,Perfect Sense,And if that's what it takes to say _____,GOODNIGHT,And if that's what it takes to say goodnight,Medium,AM Modern
Arctic Monkeys,Da Frame 2R,I'm the king of the _____,ROAD,I'm the king of the road,Extreme,AM B-Side
Arctic Monkeys,Sketchead,He's a _____ head,SKETCH,He's a sketch head,Extreme,AM B-Side
Arctic Monkeys,Too Much To Ask,The best you ever had is just a _____,MEMORY,The best you ever had is just a memory,Hard,AM B-Side
Arctic Monkeys,Temptation Greets You Like Your Naughty Friend,A bit of a mess but I'm _____ there,GETTING,A bit of a mess but I'm getting there,Hard,AM B-Side
Arctic Monkeys,What If You Were Right The First Time?,I'm not sure if I want to _____,KNOW,I'm not sure if I want to know,Extreme,AM B-Side
Arctic Monkeys,7,I'm the _____ of the world,KING,I'm the king of the world,Extreme,AM B-Side
Arctic Monkeys,Baby I'm Yours,I'll be _____ until the stars fall from the sky,YOURS,I'll be yours until the stars fall from the sky,Medium,AM B-Side
Arctic Monkeys,Bad Woman,She's a bad _____ but I love her,WOMAN,She's a bad woman but I love her,Extreme,AM B-Side
Arctic Monkeys,Cigarette Smoker Fiona,I'm a _____ smoker Fiona,CIGARETTE,I'm a cigarette smoker Fiona,Hard,AM B-Side
Arctic Monkeys,Electricity,_____ the one for me,YOURE,You're the one for me,Extreme,AM B-Side
Arctic Monkeys,Nettles,He's got a head like a _____,NETTLE,He's got a head like a nettle,Extreme,AM B-Side
Arctic Monkeys,Red Right Hand,He's got a red right _____,HAND,He's got a red right hand,Hard,AM B-Side
Arctic Monkeys,Stop The World I Wanna Get Off With You,I'm _____ to change your mind,TRYING,I'm trying to change your mind,Hard,AM B-Side
Arctic Monkeys,You're So Dark,I saw you _____ your Prius,DRIVING,I saw you driving your Prius,Extreme,AM B-Side
Arctic Monkeys,The Afternoon's Hat,Watching his _____ was like falling off the ferry,EXIT,Watching his exit was like falling off the ferry,Extreme,AM B-Side
Arctic Monkeys,Joining the Dots,If you're gonna try and walk on _____,WATER,If you're gonna try and walk on water,Extreme,AM B-Side
Arctic Monkeys,Don't Forget Whose Legs You're On,The sky's a pale blue _____,ORCHID,The sky's a pale blue orchid,Extreme,AM B-Side
Arctic Monkeys,Fright Lined Dining Room,The _____ on the wall,CLOCKS,The clock's on the wall,Extreme,AM B-Side
Arctic Monkeys,Little Illusion Machine,I'm a little _____ machine,ILLUSION,I'm a little illusion machine,Extreme,AM B-Side
Arctic Monkeys,Matador,The _____ of snakes,CIRCLE,The circle of snakes,Extreme,AM B-Side
Arctic Monkeys,Anyways,I'm just _____ about you,THINKING,I'm just thinking about you,Hard,AM Modern
Arctic Monkeys,The Ultracheese,I've done some _____ that I shouldn't have done,THINGS,I've done some things that I shouldn't have done,Medium,AM Modern
Arctic Monkeys,Science Fiction,I've got the _____ on a wire,WORLD,I've got the world on a wire,Hard,AM Modern
Arctic Monkeys,One Point Perspective,_____ in my underpants,DANCING,Dancing in my underpants,Medium,AM Modern
Arctic Monkeys,American Sports,Emergency _____ pack,BATTERY,Emergency battery pack,Hard,AM Modern
Arctic Monkeys,Golden Trunks,The king of the _____-shift,NIGHT,The king of the night-shift,Extreme,AM Modern
Arctic Monkeys,Star Treatment,I just wanted to be one of the _____,STROKES,I just wanted to be one of the Strokes,Hard,AM Modern
Arctic Monkeys,Four Out Of Five,I put a _____ on the roof,TAQUERIA,I put a taqueria on the roof,Hard,AM Modern
Arctic Monkeys,There'd Better Be a Mirrorball,Don't get _____ that ain't like you,EMOTIONAL,Don't get emotional that ain't like you,Medium,AM Modern
Arctic Monkeys,Body Paint,There's still a _____ of body paint on your legs and on your arms,TRACE,There's still a trace of body paint on your legs and on your arms,Hard,AM Modern
Arctic Monkeys,The Car,Thinking about how it _____ to be,USED,Thinking about how it used to be,Hard,AM Modern
Arctic Monkeys,Big Ideas,The _____ got us all surrounded,ORCHESTRAS,The orchestra's got us all surrounded,Hard,AM Modern
Arctic Monkeys,Hello You,I could pass for 17 if I just had a _____,SHAVE,I could pass for 17 if I just had a shave,Hard,AM Modern
Arctic Monkeys,Mr Schwartz,A little bit of Mr. _____ in the middle of a dream,SCHWARTZ,A little bit of Mr. Schwartz in the middle of a dream,Extreme,AM Modern
Arctic Monkeys,Perfect Sense,And if that's what it takes to say _____,GOODNIGHT,And if that's what it takes to say goodnight,Medium,AM Modern
